time,LSB
0.000000,1750.500000
0.006667,16380.500000
0.013333,31.500000
0.020000,3324.500000
0.026667,9.500000
0.033333,-3.500000
0.040000,-3.500000
0.046667,9724.500000
0.053333,2559.500000
0.060000,22.500000
0.066667,10236.500000
0.073333,-4320.500000
0.080000,-13308.500000
0.086667,-13308.500000
0.093333,-6396.500000
0.100000,7939.500000
0.106667,15364.500000
0.113333,15364.500000
0.120000,12036.500000
0.126667,4100.500000
0.133333,-3835.500000
0.140000,-7164.500000
0.146667,-7676.500000
0.153333,-7676.500000
0.160000,-5884.500000
0.166667,-3580.500000
0.173333,-2812.500000
0.180000,-2812.500000
0.186667,-2812.500000
0.193333,-2556.500000
0.200000,-2044.500000
0.206667,-1532.500000
0.213333,-764.500000
0.220000,3.500000
0.226667,1028.500000
0.233333,2052.500000
0.240000,3076.500000
0.246667,3844.500000
0.253333,4356.500000
0.260000,4868.500000
0.266667,6148.500000
0.273333,7428.500000
0.280000,8964.500000
0.286667,10500.500000
0.293333,11780.500000
0.300000,13316.500000
0.306667,14340.500000
0.313333,14596.500000
0.320000,14596.500000
0.326667,14084.500000
0.333333,12804.500000
0.340000,11012.500000
0.346667,8708.500000
0.353333,6404.500000
0.360000,4100.500000
0.366667,2820.500000
0.373333,1796.500000
0.380000,1028.500000
0.386667,516.500000
0.393333,260.500000
0.400000,-251.500000
0.406667,-508.500000
0.413333,-508.500000
0.420000,-1020.500000
0.426667,-1276.500000
0.433333,-1276.500000
0.440000,-1020.500000
0.446667,-508.500000
0.453333,259.500000
0.460000,1284.500000
0.466667,2052.500000
0.473333,2820.500000
0.480000,2820.500000
0.486667,2308.500000
0.493333,1284.500000
0.500000,4.500000
0.506667,-1019.500000
0.513333,-1788.500000
0.520000,-2300.500000
0.526667,-2812.500000
0.533333,-3324.500000
0.540000,-3580.500000
0.546667,-3836.500000
0.553333,-3836.500000
0.560000,5635.500000
0.566667,14084.500000
0.573333,15108.500000
0.580000,15108.500000
0.586667,9220.500000
0.593333,-251.500000
0.600000,-4092.500000
0.606667,-4092.500000
0.613333,-3836.500000
0.620000,-3836.500000
0.626667,-4092.500000
0.633333,-4604.500000
0.640000,-4604.500000
0.646667,-3580.500000
0.653333,-2300.500000
0.660000,-2044.500000
0.666667,-2044.500000
0.673333,-2044.500000
0.680000,-1788.500000
0.686667,-252.500000
0.693333,1539.500000
0.700000,2052.500000
0.706667,2052.500000
0.713333,2308.500000
0.720000,2564.500000
0.726667,3332.500000
0.733333,4356.500000
0.740000,5380.500000
0.746667,6660.500000
0.753333,7940.500000
0.760000,8964.500000
0.766667,9988.500000
0.773333,10500.500000
0.780000,10756.500000
0.786667,10244.500000
0.793333,8964.500000
0.800000,7428.500000
0.806667,5892.500000
0.813333,4612.500000
0.820000,3332.500000
0.826667,2308.500000
0.833333,1028.500000
0.840000,-251.500000
0.846667,-764.500000
0.853333,-1020.500000
0.860000,-1276.500000
0.866667,-1532.500000
0.873333,-1532.500000
0.880000,-1532.500000
0.886667,-1276.500000
0.893333,-1020.500000
0.900000,-508.500000
0.906667,-252.500000
0.913333,3.500000
0.920000,260.500000
0.926667,772.500000
0.933333,1284.500000
0.940000,1540.500000
0.946667,1796.500000
0.953333,1796.500000
0.960000,1540.500000
0.966667,516.500000
0.973333,-763.500000
0.980000,-2300.500000
0.986667,-3580.500000
0.993333,-5116.500000
1.000000,-6652.500000
1.006667,-8444.500000
1.013333,-12540.500000
1.020000,-11004.500000
1.026667,-1532.500000
1.033333,9731.500000
1.040000,13060.500000
1.046667,13060.500000
1.053333,7172.500000
1.060000,-3323.500000
1.066667,-8188.500000
1.073333,-8188.500000
1.080000,-6908.500000
1.086667,-5628.500000
1.093333,-5628.500000
1.100000,-5884.500000
1.106667,-5884.500000
1.113333,-5116.500000
1.120000,-3324.500000
1.126667,-1276.500000
1.133333,-508.500000
1.140000,3.500000
1.146667,516.500000
1.153333,1028.500000
1.160000,1796.500000
1.166667,2820.500000
1.173333,3844.500000
1.180000,4868.500000
1.186667,5636.500000
1.193333,6148.500000
1.200000,7684.500000
1.206667,9476.500000
1.213333,11268.500000
1.220000,12548.500000
1.226667,13828.500000
1.233333,14340.500000
1.240000,14596.500000
1.246667,14340.500000
1.253333,14084.500000
1.260000,13060.500000
1.266667,11524.500000
1.273333,9476.500000
1.280000,7428.500000
1.286667,5636.500000
1.293333,4100.500000
1.300000,2820.500000
1.306667,1540.500000
1.313333,260.500000
1.320000,-507.500000
1.326667,-1276.500000
1.333333,-1788.500000
1.340000,-2044.500000
1.346667,-2556.500000
1.353333,-2556.500000
1.360000,-2556.500000
1.366667,-2556.500000
1.373333,-2556.500000
1.380000,-2300.500000
1.386667,-1788.500000
1.393333,-1276.500000
1.400000,-1020.500000
1.406667,-1020.500000
1.413333,-1020.500000
1.420000,-1020.500000
1.426667,-1020.500000
1.433333,-1276.500000
1.440000,-1788.500000
1.446667,-2812.500000
1.453333,-3580.500000
1.460000,-4348.500000
1.466667,-5116.500000
1.473333,-6396.500000
1.480000,-14588.500000
1.486667,-14588.500000
1.493333,-8956.500000
1.500000,5123.500000
1.506667,14084.500000
1.513333,14340.500000
1.520000,14340.500000
1.526667,7428.500000
1.533333,-2811.500000
1.540000,-6140.500000
1.546667,-6140.500000
1.553333,-5884.500000
1.560000,-5884.500000
1.566667,-5628.500000
1.573333,-5628.500000
1.580000,-3580.500000
1.586667,-1788.500000
1.593333,-1276.500000
1.600000,-1276.500000
1.606667,-1276.500000
1.613333,-1276.500000
1.620000,-1276.500000
1.626667,-1020.500000
1.633333,-764.500000
1.640000,-252.500000
1.646667,771.500000
1.653333,1540.500000
1.660000,2564.500000
1.666667,4100.500000
1.673333,5892.500000
1.680000,7428.500000
1.686667,8964.500000
1.693333,10244.500000
1.700000,11268.500000
1.706667,11780.500000
1.713333,12292.500000
1.720000,11780.500000
1.726667,11012.500000
1.733333,9732.500000
1.740000,8708.500000
1.746667,7172.500000
1.753333,5380.500000
1.760000,3332.500000
1.766667,1284.500000
1.773333,4.500000
1.780000,-763.500000
1.786667,-1020.500000
1.793333,-1276.500000
1.800000,-1788.500000
1.806667,-2044.500000
1.813333,-2044.500000
1.820000,-2300.500000
1.826667,-2556.500000
1.833333,-3068.500000
1.840000,-3580.500000
1.846667,-3580.500000
1.853333,-3324.500000
1.860000,-3068.500000
1.866667,-2300.500000
1.873333,-1788.500000
1.880000,-1020.500000
1.886667,-764.500000
1.893333,-764.500000
1.900000,-1020.500000
1.906667,-1788.500000
1.913333,-2556.500000
1.920000,-3324.500000
1.926667,-4092.500000
1.933333,-4860.500000
1.940000,-5372.500000
1.946667,-5884.500000
1.953333,-6908.500000
1.960000,-7932.500000
1.966667,-14332.500000
1.973333,-10236.500000
1.980000,1283.500000
1.986667,10756.500000
1.993333,12804.500000
2.000000,12804.500000
2.006667,5892.500000
2.013333,-3067.500000
2.020000,-5372.500000
2.026667,-5372.500000
2.033333,-3324.500000
2.040000,-1532.500000
2.046667,-1532.500000
2.053333,-3068.500000
2.060000,-5372.500000
2.066667,-6396.500000
2.073333,-6396.500000
2.080000,-5372.500000
2.086667,-3324.500000
2.093333,-1276.500000
2.100000,-252.500000
2.106667,-252.500000
2.113333,-508.500000
2.120000,-508.500000
2.126667,-252.500000
2.133333,515.500000
2.140000,1796.500000
2.146667,2820.500000
2.153333,4356.500000
2.160000,5636.500000
2.166667,7172.500000
2.173333,8708.500000
2.180000,9988.500000
2.186667,11012.500000
2.193333,11012.500000
2.200000,10756.500000
2.206667,9732.500000
2.213333,8708.500000
2.220000,7428.500000
2.226667,5892.500000
2.233333,4100.500000
2.240000,2052.500000
2.246667,516.500000
2.253333,-1019.500000
2.260000,-2044.500000
2.266667,-3068.500000
2.273333,-3580.500000
2.280000,-3836.500000
2.286667,-3836.500000
2.293333,-3580.500000
2.300000,-3324.500000
2.306667,-2812.500000
2.313333,-2300.500000
2.320000,-1788.500000
2.326667,-1020.500000
2.333333,-508.500000
2.340000,3.500000
2.346667,260.500000
2.353333,516.500000
2.360000,516.500000
2.366667,772.500000
2.373333,1028.500000
2.380000,1028.500000
2.386667,1028.500000
2.393333,1028.500000
2.400000,772.500000
2.406667,260.500000
2.413333,-251.500000
2.420000,-1020.500000
2.426667,-1788.500000
2.433333,-2556.500000
2.440000,-3324.500000
2.446667,-4348.500000
2.453333,-5116.500000
2.460000,-1020.500000
2.466667,9987.500000
2.473333,15620.500000
2.480000,15620.500000
2.486667,10756.500000
2.493333,772.500000
2.500000,-6651.500000
2.506667,-9212.500000
2.513333,-9212.500000
2.520000,-8444.500000
2.526667,-7420.500000
2.533333,-5884.500000
2.540000,-3836.500000
2.546667,-2812.500000
2.553333,-2812.500000
2.560000,-3068.500000
2.566667,-3324.500000
2.573333,-3324.500000
2.580000,-1788.500000
2.586667,-508.500000
2.593333,-508.500000
2.600000,-508.500000
2.606667,-508.500000
2.613333,3.500000
2.620000,1028.500000
2.626667,2564.500000
2.633333,4100.500000
2.640000,5380.500000
2.646667,7172.500000
2.653333,8964.500000
2.660000,10756.500000
2.666667,12036.500000
2.673333,12804.500000
2.680000,12804.500000
2.686667,12036.500000
2.693333,10756.500000
2.700000,9220.500000
2.706667,7940.500000
2.713333,6404.500000
2.720000,4612.500000
2.726667,3076.500000
2.733333,1540.500000
2.740000,516.500000
2.746667,4.500000
2.753333,-507.500000
2.760000,-1020.500000
2.766667,-1788.500000
2.773333,-2044.500000
2.780000,-2300.500000
2.786667,-2044.500000
2.793333,-1788.500000
2.800000,-1532.500000
2.806667,-1276.500000
2.813333,-764.500000
2.820000,-252.500000
2.826667,515.500000
2.833333,1028.500000
2.840000,1028.500000
2.846667,1284.500000
2.853333,1284.500000
2.860000,1284.500000
2.866667,1028.500000
2.873333,772.500000
2.880000,516.500000
2.886667,-251.500000
2.893333,-1020.500000
2.900000,-1532.500000
2.906667,-2556.500000
2.913333,-3580.500000
2.920000,-5116.500000
2.926667,-6652.500000
2.933333,-7932.500000
2.940000,-8700.500000
2.946667,-8188.500000
2.953333,6403.500000
2.960000,6916.500000
2.966667,6916.500000
2.973333,516.500000
2.980000,-7675.500000
2.986667,-9980.500000
2.993333,-9980.500000
3.000000,-7164.500000
3.006667,-3068.500000
3.013333,-1276.500000
3.020000,-1020.500000
3.026667,-764.500000
3.033333,-508.500000
3.040000,-508.500000
3.046667,-764.500000
3.053333,-2044.500000
3.060000,-3068.500000
3.066667,-3068.500000
3.073333,-2044.500000
3.080000,3.500000
3.086667,1796.500000
3.093333,2308.500000
3.100000,2564.500000
3.106667,3332.500000
3.113333,4356.500000
3.120000,5380.500000
3.126667,6404.500000
3.133333,7172.500000
3.140000,8452.500000
3.146667,9732.500000
3.153333,11012.500000
3.160000,11780.500000
3.166667,11780.500000
3.173333,11268.500000
3.180000,10500.500000
3.186667,9732.500000
3.193333,8452.500000
3.200000,6660.500000
3.206667,4612.500000
3.213333,2564.500000
3.220000,1028.500000
3.226667,4.500000
3.233333,-763.500000
3.240000,-1532.500000
3.246667,-2044.500000
3.253333,-2044.500000
3.260000,-1788.500000
3.266667,-1788.500000
3.273333,-1788.500000
3.280000,-2044.500000
3.286667,-2044.500000
3.293333,-2044.500000
3.300000,-2044.500000
3.306667,-2044.500000
3.313333,-2300.500000
3.320000,-2300.500000
3.326667,-2300.500000
3.333333,-2044.500000
3.340000,-1788.500000
3.346667,-1276.500000
3.353333,-1020.500000
3.360000,-508.500000
3.366667,-252.500000
3.373333,3.500000
3.380000,260.500000
3.386667,260.500000
3.393333,4.500000
3.400000,-507.500000
3.406667,-1532.500000
3.413333,-12028.500000
3.420000,-14588.500000
3.426667,-14588.500000
3.433333,-9468.500000
3.440000,1795.500000
3.446667,12292.500000
3.453333,16644.500000
3.460000,16644.500000
3.466667,9732.500000
3.473333,-2555.500000
3.480000,-8444.500000
3.486667,-8444.500000
3.493333,-6396.500000
3.500000,-4604.500000
3.506667,-4604.500000
3.513333,-4348.500000
3.520000,-4348.500000
3.526667,-4348.500000
3.533333,-3580.500000
3.540000,-2300.500000
3.546667,-1020.500000
3.553333,-1020.500000
3.560000,-1020.500000
3.566667,-1020.500000
3.573333,-508.500000
3.580000,3.500000
3.586667,772.500000
3.593333,1284.500000
3.600000,2052.500000
3.606667,2820.500000
3.613333,3844.500000
3.620000,5124.500000
3.626667,6404.500000
3.633333,7172.500000
3.640000,7684.500000
3.646667,8196.500000
3.653333,8452.500000
3.660000,8708.500000
3.666667,8196.500000
3.673333,7172.500000
3.680000,5892.500000
3.686667,4356.500000
3.693333,2820.500000
3.700000,1540.500000
3.706667,4.500000
3.713333,-1531.500000
3.720000,-2812.500000
3.726667,-3580.500000
3.733333,-3324.500000
3.740000,-3068.500000
3.746667,-2812.500000
3.753333,-2812.500000
3.760000,-2812.500000
3.766667,-2812.500000
3.773333,-2300.500000
3.780000,-1788.500000
3.786667,-1532.500000
3.793333,-1532.500000
3.800000,-1276.500000
3.806667,-764.500000
3.813333,3.500000
3.820000,772.500000
3.826667,1028.500000
3.833333,772.500000
3.840000,772.500000
3.846667,1028.500000
3.853333,1284.500000
3.860000,1028.500000
3.866667,516.500000
3.873333,-251.500000
3.880000,-764.500000
3.886667,-1276.500000
3.893333,-1788.500000
3.900000,-2300.500000
3.906667,-3068.500000
3.913333,-3580.500000
3.920000,-3836.500000
3.926667,-4092.500000
3.933333,-3836.500000
3.940000,6915.500000
3.946667,16900.500000
3.953333,19716.500000
3.960000,19716.500000
3.966667,14084.500000
3.973333,5636.500000
3.980000,3844.500000
3.986667,3844.500000
3.993333,4100.500000
4.000000,3844.500000
4.006667,2820.500000
4.013333,2820.500000
4.020000,4612.500000
4.026667,9476.500000
4.033333,16132.500000
4.040000,19460.500000
4.046667,19460.500000
4.053333,15620.500000
4.060000,10756.500000
4.066667,9476.500000
4.073333,9476.500000
4.080000,10756.500000
4.086667,12804.500000
4.093333,14084.500000
4.100000,14852.500000
4.106667,15620.500000
4.113333,15876.500000
4.120000,16132.500000
4.126667,17156.500000
4.133333,17668.500000
4.140000,17668.500000
4.146667,17412.500000
4.153333,17156.500000
4.160000,16644.500000
4.166667,16132.500000
4.173333,15364.500000
4.180000,14084.500000
4.186667,12804.500000
4.193333,11012.500000
4.200000,8964.500000
4.206667,6916.500000
4.213333,4868.500000
4.220000,2820.500000
4.226667,1028.500000
4.233333,-507.500000
4.240000,-1532.500000
4.246667,-2044.500000
4.253333,-2556.500000
4.260000,-3324.500000
4.266667,-4092.500000
4.273333,-4604.500000
4.280000,-5116.500000
4.286667,-5372.500000
4.293333,-5116.500000
4.300000,-4604.500000
4.306667,-3580.500000
4.313333,-2044.500000
4.320000,-508.500000
4.326667,1283.500000
4.333333,2564.500000
4.340000,3844.500000
4.346667,4612.500000
4.353333,5124.500000
4.360000,5124.500000
4.366667,4868.500000
4.373333,3588.500000
4.380000,1796.500000
4.386667,4.500000
4.393333,-1787.500000
4.400000,-3068.500000
4.406667,-3836.500000
4.413333,-4604.500000
4.420000,-5372.500000
4.426667,-7932.500000
4.433333,-7932.500000
4.440000,-2300.500000
4.446667,12291.500000
4.453333,21764.500000
4.460000,22276.500000
4.466667,22276.500000
4.473333,15364.500000
4.480000,3588.500000
4.486667,-1531.500000
4.493333,-1532.500000
4.500000,-764.500000
4.506667,3.500000
4.513333,4.500000
4.520000,-507.500000
4.526667,-1788.500000
4.533333,-3068.500000
4.540000,-3068.500000
4.546667,-3068.500000
4.553333,-1532.500000
4.560000,3.500000
4.566667,4.500000
4.573333,-763.500000
4.580000,-1532.500000
4.586667,-2044.500000
4.593333,-2044.500000
4.600000,-1788.500000
4.606667,-1532.500000
4.613333,-1276.500000
4.620000,-1020.500000
4.626667,-764.500000
4.633333,3.500000
4.640000,772.500000
4.646667,1540.500000
4.653333,2308.500000
4.660000,2820.500000
4.666667,3588.500000
4.673333,4100.500000
4.680000,4612.500000
4.686667,4612.500000
4.693333,4356.500000
4.700000,3844.500000
4.706667,3332.500000
4.713333,2564.500000
4.720000,1796.500000
4.726667,1284.500000
4.733333,772.500000
4.740000,516.500000
4.746667,516.500000
4.753333,260.500000
4.760000,4.500000
4.766667,-251.500000
4.773333,-508.500000
4.780000,-764.500000
4.786667,-764.500000
4.793333,-764.500000
4.800000,-508.500000
4.806667,3.500000
4.813333,516.500000
4.820000,1028.500000
4.826667,1028.500000
4.833333,1028.500000
4.840000,772.500000
4.846667,772.500000
4.853333,516.500000
4.860000,4.500000
4.866667,-507.500000
4.873333,-1020.500000
4.880000,-1532.500000
4.886667,-2044.500000
4.893333,-2812.500000
4.900000,-3836.500000
4.906667,-4860.500000
4.913333,-5884.500000
4.920000,-6652.500000
4.926667,-7420.500000
4.933333,-8188.500000
4.940000,-8700.500000
4.946667,-8956.500000
4.953333,-7932.500000
4.960000,-6396.500000
4.966667,6915.500000
4.973333,6916.500000
4.980000,2308.500000
4.986667,-6651.500000
4.993333,-11516.500000
5.000000,-11516.500000
5.006667,-11260.500000
5.013333,-9468.500000
5.020000,-7932.500000
5.026667,-7420.500000
5.033333,-6908.500000
5.040000,-5884.500000
5.046667,-5116.500000
5.053333,-5116.500000
5.060000,-5372.500000
5.066667,-5372.500000
5.073333,-3836.500000
5.080000,-508.500000
5.086667,1795.500000
5.093333,2308.500000
5.100000,2564.500000
5.106667,2564.500000
5.113333,3076.500000
5.120000,4100.500000
5.126667,5124.500000
5.133333,6148.500000
5.140000,6916.500000
5.146667,7684.500000
5.153333,8708.500000
5.160000,9732.500000
5.166667,10244.500000
5.173333,10244.500000
5.180000,9732.500000
5.186667,8708.500000
5.193333,7172.500000
5.200000,5124.500000
5.206667,3332.500000
5.213333,1540.500000
5.220000,4.500000
5.226667,-1275.500000
5.233333,-2300.500000
5.240000,-3324.500000
5.246667,-3836.500000
5.253333,-4092.500000
5.260000,-4348.500000
5.266667,-4860.500000
5.273333,-5628.500000
5.280000,-5884.500000
5.286667,-5628.500000
5.293333,-5372.500000
5.300000,-5116.500000
5.306667,-4860.500000
5.313333,-4348.500000
5.320000,-3580.500000
5.326667,-2812.500000
5.333333,-2556.500000
5.340000,-2300.500000
5.346667,-2556.500000
5.353333,-2300.500000
5.360000,-1532.500000
5.366667,-1020.500000
5.373333,-252.500000
5.380000,3.500000
5.386667,516.500000
5.393333,772.500000
5.400000,1028.500000
5.406667,1284.500000
5.413333,1028.500000
5.420000,772.500000
5.426667,260.500000
5.433333,-251.500000
5.440000,-764.500000
5.446667,-1276.500000
5.453333,-1532.500000
5.460000,-508.500000
5.466667,14083.500000
5.473333,14084.500000
5.480000,12548.500000
5.486667,5636.500000
5.493333,-5627.500000
5.500000,-11772.500000
5.506667,-12284.500000
5.513333,-12284.500000
5.520000,-8956.500000
5.526667,-4860.500000
5.533333,-4092.500000
5.540000,-4092.500000
5.546667,-4348.500000
5.553333,-4604.500000
5.560000,-4604.500000
5.566667,-4604.500000
5.573333,-3836.500000
5.580000,-2556.500000
5.586667,-1532.500000
5.593333,-508.500000
5.600000,259.500000
5.606667,772.500000
5.613333,1540.500000
5.620000,2308.500000
5.626667,2820.500000
5.633333,3076.500000
5.640000,3588.500000
5.646667,4100.500000
5.653333,5380.500000
5.660000,6404.500000
5.666667,7172.500000
5.673333,7428.500000
5.680000,7428.500000
5.686667,6916.500000
5.693333,6148.500000
5.700000,4868.500000
5.706667,3332.500000
5.713333,1540.500000
5.720000,-251.500000
5.726667,-2044.500000
5.733333,-3324.500000
5.740000,-4604.500000
5.746667,-5372.500000
5.753333,-5884.500000
5.760000,-6140.500000
5.766667,-6140.500000
5.773333,-6140.500000
5.780000,-5884.500000
5.786667,-5372.500000
5.793333,-4604.500000
5.800000,-3836.500000
5.806667,-3068.500000
5.813333,-2556.500000
5.820000,-2044.500000
5.826667,-1276.500000
5.833333,-508.500000
5.840000,259.500000
5.846667,1028.500000
5.853333,1796.500000
5.860000,2820.500000
5.866667,3588.500000
5.873333,4356.500000
5.880000,5124.500000
5.886667,5380.500000
5.893333,5380.500000
5.900000,4356.500000
5.906667,2820.500000
5.913333,1284.500000
5.920000,-251.500000
5.926667,-1788.500000
5.933333,-3068.500000
5.940000,-4348.500000
5.946667,-5372.500000
5.953333,-5884.500000
5.960000,-5628.500000
5.966667,7171.500000
5.973333,14340.500000
5.980000,15364.500000
5.986667,15364.500000
5.993333,9476.500000
6.000000,-507.500000
6.006667,-5372.500000
6.013333,-6140.500000
6.020000,-6396.500000
6.026667,-6140.500000
6.033333,-6140.500000
6.040000,-4860.500000
6.046667,-3580.500000
6.053333,-3324.500000
6.060000,-3324.500000
6.066667,-3324.500000
6.073333,-3324.500000
6.080000,-1788.500000
6.086667,-508.500000
6.093333,-508.500000
6.100000,-508.500000
6.106667,-508.500000
6.113333,-508.500000
6.120000,3.500000
6.126667,772.500000
6.133333,1796.500000
6.140000,2564.500000
6.146667,3588.500000
6.153333,4868.500000
6.160000,6148.500000
6.166667,7684.500000
6.173333,8708.500000
6.180000,9732.500000
6.186667,10244.500000
6.193333,10756.500000
6.200000,10500.500000
6.206667,9732.500000
6.213333,8708.500000
6.220000,7428.500000
6.226667,6148.500000
6.233333,4612.500000
6.240000,2820.500000
6.246667,1284.500000
6.253333,4.500000
6.260000,-763.500000
6.266667,-1020.500000
6.273333,-1276.500000
6.280000,-1276.500000
6.286667,-1020.500000
6.293333,-508.500000
6.300000,-508.500000
6.306667,-508.500000
6.313333,-764.500000
6.320000,-764.500000
6.326667,-764.500000
6.333333,-508.500000
6.340000,-252.500000
6.346667,-252.500000
6.353333,3.500000
6.360000,4.500000
6.366667,4.500000
6.373333,260.500000
6.380000,260.500000
6.386667,516.500000
6.393333,1028.500000
6.400000,1284.500000
6.406667,1540.500000
6.413333,1796.500000
6.420000,1540.500000
6.426667,1284.500000
6.433333,516.500000
6.440000,-251.500000
6.446667,-1020.500000
6.453333,-1788.500000
6.460000,-2556.500000
6.466667,-5884.500000
6.473333,-5884.500000
6.480000,259.500000
6.486667,13316.500000
6.493333,20740.500000
6.500000,20740.500000
6.506667,17412.500000
6.513333,8708.500000
6.520000,-507.500000
6.526667,-5372.500000
6.533333,-6908.500000
6.540000,-7420.500000
6.546667,-7420.500000
6.553333,-7420.500000
6.560000,-6652.500000
6.566667,-5116.500000
6.573333,-3836.500000
6.580000,-2812.500000
6.586667,-1532.500000
6.593333,-764.500000
6.600000,-764.500000
6.606667,-764.500000
6.613333,-1020.500000
6.620000,-1020.500000
6.626667,-764.500000
6.633333,3.500000
6.640000,1028.500000
6.646667,1796.500000
6.653333,2820.500000
6.660000,4100.500000
6.666667,5636.500000
6.673333,7172.500000
6.680000,8708.500000
6.686667,9732.500000
6.693333,10500.500000
6.700000,11012.500000
6.706667,11012.500000
6.713333,10756.500000
6.720000,9732.500000
6.726667,8452.500000
6.733333,6916.500000
6.740000,5380.500000
6.746667,3844.500000
6.753333,2564.500000
6.760000,1540.500000
6.766667,260.500000
6.773333,-507.500000
6.780000,-1276.500000
6.786667,-1788.500000
6.793333,-2300.500000
6.800000,-2812.500000
6.806667,-3324.500000
6.813333,-3324.500000
6.820000,-3068.500000
6.826667,-2812.500000
6.833333,-2300.500000
6.840000,-1788.500000
6.846667,-1276.500000
6.853333,-1020.500000
6.860000,-764.500000
6.866667,-508.500000
6.873333,-252.500000
6.880000,3.500000
6.886667,260.500000
6.893333,516.500000
6.900000,772.500000
6.906667,1284.500000
6.913333,1796.500000
6.920000,2308.500000
6.926667,2308.500000
6.933333,2052.500000
6.940000,1796.500000
6.946667,1284.500000
6.953333,772.500000
6.960000,4.500000
6.966667,-1019.500000
6.973333,-2300.500000
6.980000,-3580.500000
6.986667,-10236.500000
6.993333,-10236.500000
7.000000,-7676.500000
7.006667,3331.500000
7.013333,14084.500000
7.020000,16132.500000
7.026667,16132.500000
7.033333,7940.500000
7.040000,-3835.500000
7.046667,-7932.500000
7.053333,-7932.500000
7.060000,-7676.500000
7.066667,-7420.500000
7.073333,-7676.500000
7.080000,-7932.500000
7.086667,-8188.500000
7.093333,-8188.500000
7.100000,-5372.500000
7.106667,-764.500000
7.113333,1027.500000
7.120000,1028.500000
7.126667,772.500000
7.133333,772.500000
7.140000,772.500000
7.146667,1284.500000
7.153333,1796.500000
7.160000,2308.500000
7.166667,3076.500000
7.173333,4100.500000
7.180000,5380.500000
7.186667,6916.500000
7.193333,8708.500000
7.200000,10244.500000
7.206667,11780.500000
7.213333,12804.500000
7.220000,13828.500000
7.226667,14340.500000
7.233333,14852.500000
7.240000,14852.500000
7.246667,13828.500000
7.253333,12292.500000
7.260000,9988.500000
7.266667,7428.500000
7.273333,4868.500000
7.280000,2820.500000
7.286667,772.500000
7.293333,-1275.500000
7.300000,-2556.500000
7.306667,-3068.500000
7.313333,-3068.500000
7.320000,-2556.500000
7.326667,-2300.500000
7.333333,-2556.500000
7.340000,-2812.500000
7.346667,-3068.500000
7.353333,-2812.500000
7.360000,-2556.500000
7.366667,-2044.500000
7.373333,-1788.500000
7.380000,-1020.500000
7.386667,-508.500000
7.393333,-252.500000
7.400000,3.500000
7.406667,4.500000
7.413333,4.500000
7.420000,260.500000
7.426667,516.500000
7.433333,772.500000
7.440000,1284.500000
7.446667,1796.500000
7.453333,2052.500000
7.460000,1796.500000
7.466667,1028.500000
7.473333,260.500000
7.480000,-763.500000
7.486667,-1788.500000
7.493333,-3068.500000
7.500000,-4348.500000
7.506667,-9468.500000
7.513333,-9468.500000
7.520000,-2812.500000
7.526667,9987.500000
7.533333,16388.500000
7.540000,16388.500000
7.546667,11268.500000
7.553333,516.500000
7.560000,-5371.500000
7.566667,-5372.500000
7.573333,-4604.500000
7.580000,-3068.500000
7.586667,-2300.500000
7.593333,-2044.500000
7.600000,-1788.500000
7.606667,-1276.500000
7.613333,-508.500000
7.620000,515.500000
7.626667,1796.500000
7.633333,2820.500000
7.640000,2820.500000
7.646667,2820.500000
7.653333,2820.500000
7.660000,3588.500000
7.666667,4612.500000
7.673333,5380.500000
7.680000,6148.500000
7.686667,6916.500000
7.693333,7940.500000
7.700000,9476.500000
7.706667,11012.500000
7.713333,12548.500000
7.720000,13572.500000
7.726667,14596.500000
7.733333,15364.500000
7.740000,15876.500000
7.746667,16132.500000
7.753333,15620.500000
7.760000,14596.500000
7.766667,13060.500000
7.773333,11268.500000
7.780000,9220.500000
7.786667,7172.500000
7.793333,5380.500000
7.800000,4100.500000
7.806667,2820.500000
7.813333,1540.500000
7.820000,260.500000
7.826667,-507.500000
7.833333,-1020.500000
7.840000,-1276.500000
7.846667,-1788.500000
7.853333,-2044.500000
7.860000,-2044.500000
7.866667,-1788.500000
7.873333,-1276.500000
7.880000,-764.500000
7.886667,-252.500000
7.893333,-252.500000
7.900000,-252.500000
7.906667,-252.500000
7.913333,3.500000
7.920000,260.500000
7.926667,516.500000
7.933333,772.500000
7.940000,1028.500000
7.946667,1284.500000
7.953333,1284.500000
7.960000,772.500000
7.966667,516.500000
7.973333,-251.500000
7.980000,-1020.500000
7.986667,-2044.500000
7.993333,-3068.500000
8.000000,-3836.500000
8.006667,-4348.500000
8.013333,-4604.500000
8.020000,-4604.500000
8.026667,-3324.500000
8.033333,-1532.500000
8.040000,11011.500000
8.046667,10756.500000
8.053333,4612.500000
8.060000,-3067.500000
8.066667,-5116.500000
8.073333,-5116.500000
8.080000,-4348.500000
8.086667,-3324.500000
8.093333,-3324.500000
8.100000,-3580.500000
8.106667,-3580.500000
8.113333,-2044.500000
8.120000,-764.500000
8.126667,-764.500000
8.133333,-1020.500000
8.140000,-1020.500000
8.146667,1283.500000
8.153333,5636.500000
8.160000,7940.500000
8.166667,7940.500000
8.173333,6916.500000
8.180000,6404.500000
8.186667,6148.500000
8.193333,6148.500000
8.200000,6660.500000
8.206667,7172.500000
8.213333,7940.500000
8.220000,8452.500000
8.226667,9220.500000
8.233333,9988.500000
8.240000,11012.500000
8.246667,11524.500000
8.253333,11524.500000
8.260000,10756.500000
8.266667,9476.500000
8.273333,7940.500000
8.280000,6404.500000
8.286667,4612.500000
8.293333,2820.500000
8.300000,1028.500000
8.306667,-251.500000
8.313333,-1276.500000
8.320000,-1788.500000
8.326667,-2300.500000
8.333333,-2812.500000
8.340000,-3068.500000
8.346667,-3324.500000
8.353333,-3580.500000
8.360000,-3580.500000
8.366667,-3068.500000
8.373333,-2300.500000
8.380000,-1276.500000
8.386667,-764.500000
8.393333,-252.500000
8.400000,259.500000
8.406667,1028.500000
8.413333,1796.500000
8.420000,2308.500000
8.426667,2308.500000
8.433333,2308.500000
8.440000,2564.500000
8.446667,2564.500000
8.453333,2820.500000
8.460000,2564.500000
8.466667,1796.500000
8.473333,1028.500000
8.480000,4.500000
8.486667,-1019.500000
8.493333,-1788.500000
8.500000,-2300.500000
8.506667,-3068.500000
8.513333,-3836.500000
8.520000,-8444.500000
8.526667,-8444.500000
8.533333,-764.500000
8.540000,13059.500000
8.546667,19460.500000
8.553333,19460.500000
8.560000,13316.500000
8.566667,1540.500000
8.573333,-6651.500000
8.580000,-9468.500000
8.586667,-9468.500000
8.593333,-7932.500000
8.600000,-6140.500000
8.606667,-5116.500000
8.613333,-4092.500000
8.620000,-3068.500000
8.626667,-1532.500000
8.633333,-764.500000
8.640000,-764.500000
8.646667,-1020.500000
8.653333,-1020.500000
8.660000,-764.500000
8.666667,3.500000
8.673333,772.500000
8.680000,1284.500000
8.686667,1796.500000
8.693333,2052.500000
8.700000,2308.500000
8.706667,3332.500000
8.713333,4356.500000
8.720000,5636.500000
8.726667,6660.500000
8.733333,7172.500000
8.740000,7684.500000
8.746667,7940.500000
8.753333,8452.500000
8.760000,8708.500000
8.766667,8452.500000
8.773333,7940.500000
8.780000,6916.500000
8.786667,5636.500000
8.793333,4356.500000
8.800000,3076.500000
8.806667,2052.500000
8.813333,772.500000
8.820000,4.500000
8.826667,-763.500000
8.833333,-1020.500000
8.840000,-1020.500000
8.846667,-1020.500000
8.853333,-1276.500000
8.860000,-1532.500000
8.866667,-1788.500000
8.873333,-2300.500000
8.880000,-2300.500000
8.886667,-2044.500000
8.893333,-1532.500000
8.900000,-1276.500000
8.906667,-1276.500000
8.913333,-1020.500000
8.920000,-764.500000
8.926667,-508.500000
8.933333,-252.500000
8.940000,-252.500000
8.946667,3.500000
8.953333,516.500000
8.960000,1540.500000
8.966667,2564.500000
8.973333,3588.500000
8.980000,4100.500000
8.986667,3332.500000
8.993333,2052.500000
9.000000,516.500000
9.006667,-763.500000
9.013333,-2044.500000
9.020000,-3324.500000
9.026667,-5884.500000
9.033333,-5884.500000
9.040000,-3836.500000
9.046667,4355.500000
9.053333,14084.500000
9.060000,17668.500000
9.066667,17668.500000
9.073333,11268.500000
9.080000,-1275.500000
9.086667,-8956.500000
9.093333,-10492.500000
9.100000,-10492.500000
9.106667,-8444.500000
9.113333,-6396.500000
9.120000,-6396.500000
9.126667,-6140.500000
9.133333,-5372.500000
9.140000,-4604.500000
9.146667,-3836.500000
9.153333,-3836.500000
9.160000,-3836.500000
9.166667,-3324.500000
9.173333,-2812.500000
9.180000,-2044.500000
9.186667,-1276.500000
9.193333,-764.500000
9.200000,-252.500000
9.206667,515.500000
9.213333,2052.500000
9.220000,3588.500000
9.226667,5124.500000
9.233333,6404.500000
9.240000,7428.500000
9.246667,8452.500000
9.253333,9220.500000
9.260000,9476.500000
9.266667,9476.500000
9.273333,9220.500000
9.280000,8964.500000
9.286667,8708.500000
9.293333,7940.500000
9.300000,6404.500000
9.306667,4868.500000
9.313333,3588.500000
9.320000,2308.500000
9.326667,1028.500000
9.333333,4.500000
9.340000,-1019.500000
9.346667,-1788.500000
9.353333,-2300.500000
9.360000,-2556.500000
9.366667,-2812.500000
9.373333,-3068.500000
9.380000,-3580.500000
9.386667,-4348.500000
9.393333,-4860.500000
9.400000,-5116.500000
9.406667,-4604.500000
9.413333,-4092.500000
9.420000,-3580.500000
9.426667,-3324.500000
9.433333,-3068.500000
9.440000,-3068.500000
9.446667,-3324.500000
9.453333,-3836.500000
9.460000,-4604.500000
9.466667,-5372.500000
9.473333,-5884.500000
9.480000,-6652.500000
9.486667,-6908.500000
9.493333,-7164.500000
9.500000,-7164.500000
9.506667,-6908.500000
9.513333,-6396.500000
9.520000,-5884.500000
9.526667,-5884.500000
9.533333,-6396.500000
9.540000,-7420.500000
9.546667,-8188.500000
9.553333,-8188.500000
9.560000,4099.500000
9.566667,10500.500000
9.573333,10500.500000
9.580000,6660.500000
9.586667,-2555.500000
9.593333,-9212.500000
9.600000,-10492.500000
9.606667,-10492.500000
9.613333,-6908.500000
9.620000,-508.500000
9.626667,3331.500000
9.633333,4356.500000
9.640000,4356.500000
9.646667,4100.500000
9.653333,3332.500000
9.660000,2052.500000
9.666667,772.500000
9.673333,772.500000
9.680000,1028.500000
9.686667,2052.500000
9.693333,2308.500000
9.700000,2820.500000
9.706667,3588.500000
9.713333,4356.500000
9.720000,4868.500000
9.726667,5380.500000
9.733333,5636.500000
9.740000,6404.500000
9.746667,7172.500000
9.753333,8196.500000
9.760000,8708.500000
9.766667,8708.500000
9.773333,8452.500000
9.780000,8196.500000
9.786667,8196.500000
9.793333,7940.500000
9.800000,7940.500000
9.806667,7172.500000
9.813333,5892.500000
9.820000,4356.500000
9.826667,2820.500000
9.833333,1540.500000
9.840000,4.500000
9.846667,-1275.500000
9.853333,-2556.500000
9.860000,-3580.500000
9.866667,-4092.500000
9.873333,-4348.500000
9.880000,-4092.500000
9.886667,-4092.500000
9.893333,-3836.500000
9.900000,-3836.500000
9.906667,-3836.500000
9.913333,-3836.500000
9.920000,-3580.500000
9.926667,-3068.500000
9.933333,-2556.500000
9.940000,-2556.500000
9.946667,-2812.500000
9.953333,-3068.500000
9.960000,-3068.500000
9.966667,-2556.500000
9.973333,-2044.500000
9.980000,-1532.500000
9.986667,-1788.500000
9.993333,-2044.500000
10.000000,-2044.500000
10.006667,-2044.500000
10.013333,-2044.500000
10.020000,-2556.500000
10.026667,-3068.500000
10.033333,-3580.500000
10.040000,-3580.500000
10.046667,-3324.500000
10.053333,-3068.500000
10.060000,-2812.500000
10.066667,-2044.500000
10.073333,-508.500000
10.080000,1795.500000
10.086667,4100.500000
10.093333,5892.500000
10.100000,6916.500000
10.106667,7172.500000
10.113333,7428.500000
10.120000,7172.500000
10.126667,5636.500000
10.133333,3588.500000
10.140000,1284.500000
10.146667,-507.500000
10.153333,-1276.500000
10.160000,-1020.500000
10.166667,-1020.500000
10.173333,-764.500000
10.180000,-764.500000
10.186667,-764.500000
10.193333,-1020.500000
10.200000,-1020.500000
10.206667,-764.500000
10.213333,-764.500000
10.220000,-764.500000
10.226667,-764.500000
10.233333,-508.500000
10.240000,515.500000
10.246667,1796.500000
10.253333,3332.500000
10.260000,4612.500000
10.266667,5892.500000
10.273333,7684.500000
10.280000,9732.500000
10.286667,11268.500000
10.293333,12548.500000
10.300000,12548.500000
10.306667,12036.500000
10.313333,11012.500000
10.320000,10244.500000
10.326667,8196.500000
10.333333,5892.500000
10.340000,3588.500000
10.346667,-1787.500000
10.353333,2307.500000
10.360000,4868.500000
10.366667,4868.500000
10.373333,516.500000
10.380000,-7931.500000
10.386667,-12540.500000
10.393333,-12540.500000
10.400000,-8700.500000
10.406667,-252.500000
10.413333,4611.500000
10.420000,4612.500000
10.426667,1028.500000
10.433333,-2811.500000
10.440000,-2812.500000
10.446667,-1788.500000
10.453333,-764.500000
10.460000,-508.500000
10.466667,-764.500000
10.473333,-1788.500000
10.480000,-2812.500000
10.486667,-2812.500000
10.493333,-2556.500000
10.500000,-2044.500000
10.506667,-1788.500000
10.513333,-1532.500000
10.520000,-2044.500000
10.526667,-2556.500000
10.533333,-2812.500000
10.540000,-3068.500000
10.546667,-3324.500000
10.553333,-3580.500000
10.560000,-4092.500000
10.566667,-4860.500000
10.573333,-5884.500000
10.580000,-6652.500000
10.586667,-6652.500000
10.593333,-5116.500000
10.600000,13315.500000
10.606667,13316.500000
10.613333,11780.500000
10.620000,4612.500000
10.626667,-1787.500000
10.633333,-3068.500000
10.640000,-3068.500000
10.646667,-1532.500000
10.653333,-252.500000
10.660000,-252.500000
10.666667,-764.500000
10.673333,-1020.500000
10.680000,-764.500000
10.686667,-508.500000
10.693333,-764.500000
10.700000,-1532.500000
10.706667,-1532.500000
10.713333,1027.500000
10.720000,6660.500000
10.726667,9988.500000
10.733333,9988.500000
10.740000,9988.500000
10.746667,9988.500000
10.753333,9988.500000
10.760000,10244.500000
10.766667,10500.500000
10.773333,10756.500000
10.780000,11012.500000
10.786667,11780.500000
10.793333,12804.500000
10.800000,13572.500000
10.806667,14340.500000
10.813333,14596.500000
10.820000,14340.500000
10.826667,13828.500000
10.833333,13316.500000
10.840000,12292.500000
10.846667,10500.500000
10.853333,8452.500000
10.860000,6404.500000
10.866667,4868.500000
10.873333,3332.500000
10.880000,2052.500000
10.886667,516.500000
10.893333,-507.500000
10.900000,-1020.500000
10.906667,-1020.500000
10.913333,-764.500000
10.920000,-508.500000
10.926667,-508.500000
10.933333,-252.500000
10.940000,-252.500000
10.946667,-508.500000
10.953333,-764.500000
10.960000,-1020.500000
10.966667,-1532.500000
10.973333,-1788.500000
10.980000,-2300.500000
10.986667,-2300.500000
10.993333,-2044.500000
11.000000,-1532.500000
11.006667,-1020.500000
11.013333,-764.500000
11.020000,-1020.500000
11.026667,-1020.500000
11.033333,-1020.500000
11.040000,-764.500000
11.046667,-764.500000
11.053333,-508.500000
11.060000,-508.500000
11.066667,-252.500000
11.073333,-252.500000
11.080000,-508.500000
11.086667,-1020.500000
11.093333,-2044.500000
11.100000,-3324.500000
11.106667,-4604.500000
11.113333,-5884.500000
11.120000,-6652.500000
11.126667,-4604.500000
11.133333,-764.500000
11.140000,6659.500000
11.146667,16900.500000
11.153333,22532.500000
11.160000,22532.500000
11.166667,21764.500000
11.173333,15108.500000
11.180000,4612.500000
11.186667,-251.500000
11.193333,-252.500000
11.200000,515.500000
11.206667,1028.500000
11.213333,1028.500000
11.220000,772.500000
11.226667,516.500000
11.233333,516.500000
11.240000,1796.500000
11.246667,4868.500000
11.253333,6660.500000
11.260000,6660.500000
11.266667,5892.500000
11.273333,4868.500000
11.280000,4356.500000
11.286667,4356.500000
11.293333,4868.500000
11.300000,5380.500000
11.306667,5636.500000
11.313333,5636.500000
11.320000,6148.500000
11.326667,7428.500000
11.333333,8964.500000
11.340000,10244.500000
11.346667,11268.500000
11.353333,11780.500000
11.360000,12548.500000
11.366667,13060.500000
11.373333,13828.500000
11.380000,14084.500000
11.386667,13316.500000
11.393333,11780.500000
11.400000,9732.500000
11.406667,7940.500000
11.413333,6148.500000
11.420000,4356.500000
11.426667,2564.500000
11.433333,516.500000
11.440000,-763.500000
11.446667,-1276.500000
11.453333,-1276.500000
11.460000,-1532.500000
11.466667,-1276.500000
11.473333,-1020.500000
11.480000,-764.500000
11.486667,-252.500000
11.493333,3.500000
11.500000,4.500000
11.506667,-251.500000
11.513333,-508.500000
11.520000,-764.500000
11.526667,-1020.500000
11.533333,-1020.500000
11.540000,-1276.500000
11.546667,-1532.500000
11.553333,-1276.500000
11.560000,-1276.500000
11.566667,-1020.500000
11.573333,-1020.500000
11.580000,-1020.500000
11.586667,-764.500000
11.593333,-508.500000
11.600000,-508.500000
11.606667,-252.500000
11.613333,-252.500000
11.620000,3.500000
11.626667,4.500000
11.633333,-507.500000
11.640000,-1276.500000
11.646667,-2300.500000
11.653333,-3324.500000
11.660000,-3836.500000
11.666667,-4348.500000
11.673333,-4860.500000
11.680000,-6140.500000
11.686667,-6140.500000
11.693333,-5372.500000
11.700000,6659.500000
11.706667,18436.500000
11.713333,18436.500000
11.720000,17924.500000
11.726667,9220.500000
11.733333,-2555.500000
11.740000,-4860.500000
11.746667,-4860.500000
11.753333,-4604.500000
11.760000,-4860.500000
11.766667,-6140.500000
11.773333,-6140.500000
11.780000,-5116.500000
11.786667,-1788.500000
11.793333,771.500000
11.800000,772.500000
11.806667,772.500000
11.813333,772.500000
11.820000,1796.500000
11.826667,3076.500000
11.833333,3588.500000
11.840000,3844.500000
11.846667,4100.500000
11.853333,4100.500000
11.860000,4868.500000
11.866667,6404.500000
11.873333,8196.500000
11.880000,9476.500000
11.886667,11012.500000
11.893333,12292.500000
11.900000,13572.500000
11.906667,14596.500000
11.913333,15108.500000
11.920000,14852.500000
11.926667,14084.500000
11.933333,13572.500000
11.940000,12292.500000
11.946667,10500.500000
11.953333,8708.500000
11.960000,7172.500000
11.966667,5892.500000
11.973333,4612.500000
11.980000,2820.500000
11.986667,1028.500000
11.993333,-507.500000
12.000000,-1276.500000
12.006667,-2044.500000
12.013333,-2556.500000
12.020000,-2812.500000
12.026667,-2812.500000
12.033333,-2556.500000
12.040000,-2300.500000
12.046667,-2300.500000
12.053333,-2044.500000
12.060000,-2044.500000
12.066667,-2044.500000
12.073333,-2300.500000
12.080000,-2556.500000
12.086667,-3068.500000
12.093333,-3068.500000
12.100000,-3068.500000
12.106667,-2812.500000
12.113333,-2556.500000
12.120000,-2556.500000
12.126667,-2556.500000
12.133333,-2556.500000
12.140000,-2300.500000
12.146667,-1532.500000
12.153333,-1020.500000
12.160000,-508.500000
12.166667,-1020.500000
12.173333,-1788.500000
12.180000,-2556.500000
12.186667,-3068.500000
12.193333,-3580.500000
12.200000,-4348.500000
12.206667,-5628.500000
12.213333,-6652.500000
12.220000,-9212.500000
12.226667,-7164.500000
12.233333,2051.500000
12.240000,11524.500000
12.246667,14084.500000
12.253333,14084.500000
12.260000,7940.500000
12.266667,-3835.500000
12.273333,-9724.500000
12.280000,-9724.500000
12.286667,-8188.500000
12.293333,-4092.500000
12.300000,-1532.500000
12.306667,-1532.500000
12.313333,-1532.500000
12.320000,-1532.500000
12.326667,-1020.500000
12.333333,-252.500000
12.340000,1539.500000
12.346667,3588.500000
12.353333,5124.500000
12.360000,5636.500000
12.366667,5892.500000
12.373333,6404.500000
12.380000,6660.500000
12.386667,6916.500000
12.393333,7172.500000
12.400000,7684.500000
12.406667,8452.500000
12.413333,9220.500000
12.420000,9732.500000
12.426667,10500.500000
12.433333,11268.500000
12.440000,12036.500000
12.446667,12804.500000
12.453333,13572.500000
12.460000,13572.500000
12.466667,13316.500000
12.473333,12292.500000
12.480000,11268.500000
12.486667,9988.500000
12.493333,8452.500000
12.500000,6660.500000
12.506667,4356.500000
12.513333,2564.500000
12.520000,1284.500000
12.526667,516.500000
12.533333,516.500000
12.540000,772.500000
12.546667,516.500000
12.553333,260.500000
12.560000,260.500000
12.566667,260.500000
12.573333,4.500000
12.580000,-251.500000
12.586667,-1276.500000
12.593333,-2300.500000
12.600000,-2812.500000
12.606667,-2300.500000
12.613333,-1276.500000
12.620000,3.500000
12.626667,1028.500000
12.633333,1540.500000
12.640000,1796.500000
12.646667,2052.500000
12.653333,2308.500000
12.660000,2052.500000
12.666667,1540.500000
12.673333,772.500000
12.680000,4.500000
12.686667,-251.500000
12.693333,-252.500000
12.700000,-252.500000
12.706667,-508.500000
12.713333,-764.500000
12.720000,-1532.500000
12.726667,-1788.500000
12.733333,-1788.500000
12.740000,-1788.500000
12.746667,-2044.500000
12.753333,-2812.500000
12.760000,-6140.500000
12.766667,-3068.500000
12.773333,8963.500000
12.780000,18436.500000
12.786667,18692.500000
12.793333,18692.500000
12.800000,12292.500000
12.806667,2052.500000
12.813333,-2811.500000
12.820000,-4348.500000
12.826667,-4348.500000
12.833333,-3324.500000
12.840000,-2556.500000
12.846667,-2556.500000
12.853333,-2556.500000
12.860000,-2556.500000
12.866667,-2556.500000
12.873333,-2300.500000
12.880000,-2044.500000
12.886667,-1788.500000
12.893333,-1532.500000
12.900000,259.500000
12.906667,2564.500000
12.913333,4100.500000
12.920000,4868.500000
12.926667,5380.500000
12.933333,5892.500000
12.940000,6404.500000
12.946667,8196.500000
12.953333,9732.500000
12.960000,10756.500000
12.966667,11780.500000
12.973333,12548.500000
12.980000,13316.500000
12.986667,13828.500000
12.993333,14340.500000
13.000000,14084.500000
13.006667,13572.500000
13.013333,12292.500000
13.020000,10756.500000
13.026667,8964.500000
13.033333,7428.500000
13.040000,5892.500000
13.046667,4356.500000
13.053333,3076.500000
13.060000,1540.500000
13.066667,260.500000
13.073333,-763.500000
13.080000,-1276.500000
13.086667,-1532.500000
13.093333,-1276.500000
13.100000,-1276.500000
13.106667,-1276.500000
13.113333,-1020.500000
13.120000,-508.500000
13.126667,3.500000
13.133333,260.500000
13.140000,4.500000
13.146667,-507.500000
13.153333,-1020.500000
13.160000,-1020.500000
13.166667,-1020.500000
13.173333,-764.500000
13.180000,-764.500000
13.186667,-1020.500000
13.193333,-1020.500000
13.200000,-1276.500000
13.206667,-1276.500000
13.213333,-1276.500000
13.220000,-1020.500000
13.226667,-1020.500000
13.233333,-764.500000
13.240000,3.500000
13.246667,772.500000
13.253333,1284.500000
13.260000,1540.500000
13.266667,1028.500000
13.273333,4.500000
13.280000,-1275.500000
13.286667,-2556.500000
13.293333,-3580.500000
13.300000,-4604.500000
13.306667,-5372.500000
13.313333,-5884.500000
13.320000,-6396.500000
13.326667,-6396.500000
13.333333,-2044.500000
13.340000,11779.500000
13.346667,21508.500000
13.353333,21508.500000
13.360000,16900.500000
13.366667,6148.500000
13.373333,-2811.500000
13.380000,-5884.500000
13.386667,-5884.500000
13.393333,-5884.500000
13.400000,-4348.500000
13.406667,-1788.500000
13.413333,-508.500000
13.420000,-508.500000
13.426667,-2044.500000
13.433333,-3580.500000
13.440000,-3580.500000
13.446667,-3324.500000
13.453333,-2556.500000
13.460000,-1276.500000
13.466667,-508.500000
13.473333,3.500000
13.480000,260.500000
13.486667,516.500000
13.493333,516.500000
13.500000,1284.500000
13.506667,2052.500000
13.513333,2564.500000
13.520000,3332.500000
13.526667,4100.500000
13.533333,4868.500000
13.540000,5892.500000
13.546667,7172.500000
13.553333,7940.500000
13.560000,8452.500000
13.566667,8452.500000
13.573333,8196.500000
13.580000,7684.500000
13.586667,6660.500000
13.593333,5636.500000
13.600000,4356.500000
13.606667,2820.500000
13.613333,1796.500000
13.620000,1028.500000
13.626667,516.500000
13.633333,-251.500000
13.640000,-1276.500000
13.646667,-2044.500000
13.653333,-2556.500000
13.660000,-3068.500000
13.666667,-3580.500000
13.673333,-3836.500000
13.680000,-4092.500000
13.686667,-4092.500000
13.693333,-3324.500000
13.700000,-2812.500000
13.706667,-2044.500000
13.713333,-1788.500000
13.720000,-1532.500000
13.726667,-1276.500000
13.733333,-1020.500000
13.740000,-1020.500000
13.746667,-1020.500000
13.753333,-1276.500000
13.760000,-1532.500000
13.766667,-1276.500000
13.773333,-764.500000
13.780000,-508.500000
13.786667,-508.500000
13.793333,-508.500000
13.800000,-764.500000
13.806667,-1020.500000
13.813333,-1532.500000
13.820000,-2300.500000
13.826667,-3068.500000
13.833333,-3580.500000
13.840000,-3836.500000
13.846667,-3836.500000
13.853333,-4092.500000
13.860000,-8188.500000
13.866667,-8188.500000
13.873333,-6908.500000
13.880000,2563.500000
13.886667,16900.500000
13.893333,22532.500000
13.900000,22532.500000
13.906667,14596.500000
13.913333,-251.500000
13.920000,-7164.500000
13.926667,-7164.500000
13.933333,-7164.500000
13.940000,-5372.500000
13.946667,-2556.500000
13.953333,-1532.500000
13.960000,-1276.500000
13.966667,-1276.500000
13.973333,-764.500000
13.980000,259.500000
13.986667,772.500000
13.993333,1284.500000
14.000000,1796.500000
14.006667,2308.500000
14.013333,2564.500000
14.020000,2820.500000
14.026667,3076.500000
14.033333,3332.500000
14.040000,3844.500000
14.046667,5124.500000
14.053333,6404.500000
14.060000,7940.500000
14.066667,9476.500000
14.073333,11012.500000
14.080000,12292.500000
14.086667,13572.500000
14.093333,14340.500000
14.100000,14852.500000
14.106667,14596.500000
14.113333,13828.500000
14.120000,12548.500000
14.126667,10500.500000
14.133333,8708.500000
14.140000,6916.500000
14.146667,5380.500000
14.153333,3588.500000
14.160000,1796.500000
14.166667,516.500000
14.173333,-251.500000
14.180000,-764.500000
14.186667,-1532.500000
14.193333,-2044.500000
14.200000,-2556.500000
14.206667,-3324.500000
14.213333,-4092.500000
14.220000,-4860.500000
14.226667,-5116.500000
14.233333,-5116.500000
14.240000,-4860.500000
14.246667,-4860.500000
14.253333,-4860.500000
14.260000,-4860.500000
14.266667,-4604.500000
14.273333,-4092.500000
14.280000,-3580.500000
14.286667,-3580.500000
14.293333,-3324.500000
14.300000,-3068.500000
14.306667,-2556.500000
14.313333,-1788.500000
14.320000,-764.500000
14.326667,3.500000
14.333333,260.500000
14.340000,516.500000
14.346667,260.500000
14.353333,4.500000
14.360000,-507.500000
14.366667,-1020.500000
14.373333,-1788.500000
14.380000,-2300.500000
14.386667,-2556.500000
14.393333,-3068.500000
14.400000,-3324.500000
14.406667,-3580.500000
14.413333,-3580.500000
14.420000,-2812.500000
14.426667,-1276.500000
14.433333,13827.500000
14.440000,13828.500000
14.446667,11012.500000
14.453333,5124.500000
14.460000,-251.500000
14.466667,-4348.500000
14.473333,-6652.500000
14.480000,-8700.500000
14.486667,-9724.500000
14.493333,-9980.500000
14.500000,-9980.500000
14.506667,-6908.500000
14.513333,-2812.500000
14.520000,-1276.500000
14.526667,-1276.500000
14.533333,-3068.500000
14.540000,-4860.500000
14.546667,-4860.500000
14.553333,-2556.500000
14.560000,1795.500000
14.566667,3844.500000
14.573333,3844.500000
14.580000,3844.500000
14.586667,3844.500000
14.593333,4100.500000
14.600000,4612.500000
14.606667,5124.500000
14.613333,5380.500000
14.620000,5892.500000
14.626667,6660.500000
14.633333,7428.500000
14.640000,8452.500000
14.646667,9220.500000
14.653333,9220.500000
14.660000,8708.500000
14.666667,7940.500000
14.673333,6660.500000
14.680000,4868.500000
14.686667,2820.500000
14.693333,1028.500000
14.700000,-507.500000
14.706667,-1788.500000
14.713333,-2300.500000
14.720000,-2812.500000
14.726667,-2556.500000
14.733333,-2300.500000
14.740000,-2044.500000
14.746667,-2300.500000
14.753333,-2556.500000
14.760000,-2556.500000
14.766667,-2556.500000
14.773333,-2300.500000
14.780000,-2044.500000
14.786667,-1788.500000
14.793333,-1532.500000
14.800000,-1020.500000
14.806667,-764.500000
14.813333,-508.500000
14.820000,-252.500000
14.826667,-252.500000
14.833333,3.500000
14.840000,4.500000
14.846667,260.500000
14.853333,516.500000
14.860000,1028.500000
14.866667,1028.500000
14.873333,1028.500000
14.880000,772.500000
14.886667,516.500000
14.893333,516.500000
14.900000,260.500000
14.906667,4.500000
14.913333,-251.500000
14.920000,-508.500000
14.926667,-508.500000
14.933333,-1020.500000
14.940000,-1532.500000
14.946667,-2300.500000
14.953333,-2812.500000
14.960000,-2300.500000
14.966667,12803.500000
14.973333,16132.500000
14.980000,16132.500000
14.986667,9476.500000
14.993333,-1019.500000
15.000000,-5116.500000
15.006667,-5116.500000
15.013333,-3836.500000
15.020000,-1788.500000
15.026667,-1788.500000
15.033333,-1788.500000
15.040000,-1532.500000
15.046667,-1532.500000
15.053333,-1788.500000
15.060000,-2300.500000
15.066667,-2300.500000
15.073333,-764.500000
15.080000,771.500000
15.086667,772.500000
15.093333,1028.500000
15.100000,2564.500000
15.106667,3844.500000
15.113333,5124.500000
15.120000,6404.500000
15.126667,7172.500000
15.133333,7940.500000
15.140000,8452.500000
15.146667,8708.500000
15.153333,9732.500000
15.160000,10500.500000
15.166667,11012.500000
15.173333,11780.500000
15.180000,12292.500000
15.186667,12292.500000
15.193333,11780.500000
15.200000,10500.500000
15.206667,9476.500000
15.213333,8196.500000
15.220000,6916.500000
15.226667,5124.500000
15.233333,2820.500000
15.240000,1028.500000
15.246667,260.500000
15.253333,-251.500000
15.260000,-508.500000
15.266667,-764.500000
15.273333,-1276.500000
15.280000,-1788.500000
15.286667,-2044.500000
15.293333,-2300.500000
15.300000,-2556.500000
15.306667,-2812.500000
15.313333,-2812.500000
15.320000,-2556.500000
15.326667,-2300.500000
15.333333,-1532.500000
15.340000,-1020.500000
15.346667,-508.500000
15.353333,-252.500000
15.360000,259.500000
15.366667,516.500000
15.373333,260.500000
15.380000,4.500000
15.386667,-251.500000
15.393333,-508.500000
15.400000,-252.500000
15.406667,-252.500000
15.413333,3.500000
15.420000,4.500000
15.426667,260.500000
15.433333,260.500000
15.440000,4.500000
15.446667,-763.500000
15.453333,-1532.500000
15.460000,-2300.500000
15.466667,-3324.500000
15.473333,-4092.500000
15.480000,-4860.500000
15.486667,-6908.500000
15.493333,-6908.500000
15.500000,-6140.500000
15.506667,3331.500000
15.513333,16644.500000
15.520000,21252.500000
15.526667,21252.500000
15.533333,14084.500000
15.540000,2052.500000
15.546667,-4347.500000
15.553333,-5884.500000
15.560000,-5884.500000
15.566667,-4860.500000
15.573333,-3068.500000
15.580000,-2044.500000
15.586667,-1788.500000
15.593333,-1532.500000
15.600000,-1020.500000
15.606667,515.500000
15.613333,3076.500000
15.620000,4100.500000
15.626667,4100.500000
15.633333,4356.500000
15.640000,4612.500000
15.646667,4868.500000
15.653333,5124.500000
15.660000,5124.500000
15.666667,5124.500000
15.673333,5636.500000
15.680000,6404.500000
15.686667,7428.500000
15.693333,8196.500000
15.700000,8964.500000
15.706667,9732.500000
15.713333,10756.500000
15.720000,12036.500000
15.726667,13060.500000
15.733333,13572.500000
15.740000,13316.500000
15.746667,12292.500000
15.753333,11012.500000
15.760000,9988.500000
15.766667,8452.500000
15.773333,6916.500000
15.780000,5124.500000
15.786667,3588.500000
15.793333,2564.500000
15.800000,1796.500000
15.806667,1540.500000
15.813333,1284.500000
15.820000,1028.500000
15.826667,772.500000
15.833333,260.500000
15.840000,-251.500000
15.846667,-252.500000
15.853333,-252.500000
15.860000,3.500000
15.866667,260.500000
15.873333,260.500000
15.880000,260.500000
15.886667,260.500000
15.893333,260.500000
15.900000,4.500000
15.906667,-507.500000
15.913333,-1276.500000
15.920000,-1788.500000
15.926667,-2044.500000
15.933333,-2300.500000
15.940000,-2300.500000
15.946667,-2300.500000
15.953333,-1788.500000
15.960000,-1020.500000
15.966667,-252.500000
15.973333,259.500000
15.980000,516.500000
15.986667,260.500000
15.993333,260.500000
16.000000,4.500000
16.006667,-251.500000
16.013333,-1020.500000
16.020000,-1788.500000
16.026667,-2556.500000
16.033333,-3324.500000
16.040000,-9468.500000
16.046667,-11772.500000
16.053333,-11772.500000
16.060000,-4860.500000
16.066667,10755.500000
16.073333,21252.500000
16.080000,22788.500000
16.086667,22788.500000
16.093333,14852.500000
16.100000,260.500000
16.106667,-6651.500000
16.113333,-6652.500000
16.120000,-4860.500000
16.126667,-3068.500000
16.133333,-3068.500000
16.140000,-3324.500000
16.146667,-3836.500000
16.153333,-3836.500000
16.160000,-1788.500000
16.166667,3.500000
16.173333,4.500000
16.180000,-251.500000
16.186667,-252.500000
16.193333,-252.500000
16.200000,3.500000
16.206667,260.500000
16.213333,516.500000
16.220000,1284.500000
16.226667,2820.500000
16.233333,4868.500000
16.240000,7172.500000
16.246667,8964.500000
16.253333,10244.500000
16.260000,11524.500000
16.266667,12804.500000
16.273333,13572.500000
16.280000,13572.500000
16.286667,13060.500000
16.293333,12292.500000
16.300000,11268.500000
16.306667,10244.500000
16.313333,8964.500000
16.320000,7684.500000
16.326667,5892.500000
16.333333,4356.500000
16.340000,2308.500000
16.346667,772.500000
16.353333,-763.500000
16.360000,-1532.500000
16.366667,-2044.500000
16.373333,-2044.500000
16.380000,-2300.500000
16.386667,-2300.500000
16.393333,-2300.500000
16.400000,-2556.500000
16.406667,-2556.500000
16.413333,-2556.500000
16.420000,-2812.500000
16.426667,-3068.500000
16.433333,-3068.500000
16.440000,-3068.500000
16.446667,-3068.500000
16.453333,-2812.500000
16.460000,-2556.500000
16.466667,-2300.500000
16.473333,-2044.500000
16.480000,-1788.500000
16.486667,-1532.500000
16.493333,-1276.500000
16.500000,-764.500000
16.506667,-252.500000
16.513333,515.500000
16.520000,1028.500000
16.526667,1540.500000
16.533333,2052.500000
16.540000,2308.500000
16.546667,2308.500000
16.553333,2308.500000
16.560000,2308.500000
16.566667,2052.500000
16.573333,2052.500000
16.580000,2052.500000
16.586667,1540.500000
16.593333,1028.500000
16.600000,260.500000
16.606667,-507.500000
16.613333,-1276.500000
16.620000,-6396.500000
16.626667,-9212.500000
16.633333,-9212.500000
16.640000,-508.500000
16.646667,18179.500000
16.653333,28676.500000
16.660000,28676.500000
16.666667,22020.500000
16.673333,6404.500000
16.680000,-3323.500000
16.686667,-4092.500000
16.693333,-4092.500000
16.700000,-3580.500000
16.706667,-2812.500000
16.713333,-2812.500000
16.720000,-2812.500000
16.726667,-2812.500000
16.733333,-1788.500000
16.740000,-1020.500000
16.746667,-1020.500000
16.753333,-1276.500000
16.760000,-1532.500000
16.766667,-1532.500000
16.773333,-1276.500000
16.780000,-508.500000
16.786667,515.500000
16.793333,1284.500000
16.800000,2052.500000
16.806667,3588.500000
16.813333,5380.500000
16.820000,7428.500000
16.826667,8964.500000
16.833333,10500.500000
16.840000,11524.500000
16.846667,12292.500000
16.853333,13316.500000
16.860000,14340.500000
16.866667,14852.500000
16.873333,15108.500000
16.880000,14852.500000
16.886667,14084.500000
16.893333,12548.500000
16.900000,11012.500000
16.906667,9220.500000
16.913333,7172.500000
16.920000,5124.500000
16.926667,3076.500000
16.933333,1796.500000
16.940000,1284.500000
16.946667,772.500000
16.953333,516.500000
16.960000,260.500000
16.966667,4.500000
16.973333,-507.500000
16.980000,-1020.500000
16.986667,-1532.500000
16.993333,-1788.500000
17.000000,-1788.500000
17.006667,-1788.500000
17.013333,-1788.500000
17.020000,-1788.500000
17.026667,-2044.500000
17.033333,-2300.500000
17.040000,-2044.500000
17.046667,-2044.500000
17.053333,-2044.500000
17.060000,-2044.500000
17.066667,-1788.500000
17.073333,-1276.500000
17.080000,-764.500000
17.086667,3.500000
17.093333,516.500000
17.100000,516.500000
17.106667,4.500000
17.113333,-763.500000
17.120000,-1532.500000
17.126667,-2300.500000
17.133333,-3324.500000
17.140000,-4348.500000
17.146667,-5628.500000
17.153333,-6396.500000
17.160000,-7164.500000
17.166667,-7676.500000
17.173333,-10748.500000
17.180000,-6140.500000
17.186667,6659.500000
17.193333,15108.500000
17.200000,15108.500000
17.206667,12548.500000
17.213333,3588.500000
17.220000,-3835.500000
17.226667,-5116.500000
17.233333,-5116.500000
17.240000,-3836.500000
17.246667,-2556.500000
17.253333,-2300.500000
17.260000,-1788.500000
17.266667,-252.500000
17.273333,1027.500000
17.280000,1284.500000
17.286667,1284.500000
17.293333,1028.500000
17.300000,1028.500000
17.306667,1796.500000
17.313333,3076.500000
17.320000,4612.500000
17.326667,5892.500000
17.333333,6404.500000
17.340000,6916.500000
17.346667,7172.500000
17.353333,7172.500000
17.360000,8196.500000
17.366667,8964.500000
17.373333,9732.500000
17.380000,10500.500000
17.386667,11012.500000
17.393333,11780.500000
17.400000,12292.500000
17.406667,12804.500000
17.413333,13316.500000
17.420000,13316.500000
17.426667,12804.500000
17.433333,11524.500000
17.440000,9988.500000
17.446667,8196.500000
17.453333,6660.500000
17.460000,5124.500000
17.466667,3844.500000
17.473333,2564.500000
17.480000,1796.500000
17.486667,1284.500000
17.493333,1028.500000
17.500000,1028.500000
17.506667,772.500000
17.513333,516.500000
17.520000,260.500000
17.526667,4.500000
17.533333,-507.500000
17.540000,-1020.500000
17.546667,-1276.500000
17.553333,-1532.500000
17.560000,-1532.500000
17.566667,-1788.500000
17.573333,-2044.500000
17.580000,-2044.500000
17.586667,-2044.500000
17.593333,-2044.500000
17.600000,-1788.500000
17.606667,-1788.500000
17.613333,-1532.500000
17.620000,-1276.500000
17.626667,-508.500000
17.633333,3.500000
17.640000,772.500000
17.646667,1284.500000
17.653333,1284.500000
17.660000,1284.500000
17.666667,772.500000
17.673333,4.500000
17.680000,-1019.500000
17.686667,-2044.500000
17.693333,-2812.500000
17.700000,-3324.500000
17.706667,-3836.500000
17.713333,-5628.500000
17.720000,-5628.500000
17.726667,-4860.500000
17.733333,2819.500000
17.740000,15364.500000
17.746667,20740.500000
17.753333,20740.500000
17.760000,14596.500000
17.766667,3844.500000
17.773333,-2811.500000
17.780000,-4604.500000
17.786667,-4604.500000
17.793333,-4092.500000
17.800000,-3580.500000
17.806667,-1788.500000
17.813333,-508.500000
17.820000,-252.500000
17.826667,-508.500000
17.833333,-1532.500000
17.840000,-2556.500000
17.846667,-2556.500000
17.853333,-1532.500000
17.860000,259.500000
17.866667,1540.500000
17.873333,2308.500000
17.880000,2820.500000
17.886667,3076.500000
17.893333,3588.500000
17.900000,4868.500000
17.906667,6148.500000
17.913333,7172.500000
17.920000,7940.500000
17.926667,8708.500000
17.933333,9476.500000
17.940000,10500.500000
17.946667,11268.500000
17.953333,11780.500000
17.960000,11780.500000
17.966667,11268.500000
17.973333,10244.500000
17.980000,8964.500000
17.986667,7684.500000
17.993333,6404.500000
18.000000,4868.500000
18.006667,3332.500000
18.013333,2052.500000
18.020000,1284.500000
18.026667,516.500000
18.033333,260.500000
18.040000,4.500000
18.046667,-251.500000
18.053333,-508.500000
18.060000,-764.500000
18.066667,-764.500000
18.073333,-764.500000
18.080000,-764.500000
18.086667,-508.500000
18.093333,-508.500000
18.100000,-252.500000
18.106667,-252.500000
18.113333,3.500000
18.120000,4.500000
18.126667,-251.500000
18.133333,-764.500000
18.140000,-1020.500000
18.146667,-764.500000
18.153333,-252.500000
18.160000,259.500000
18.166667,516.500000
18.173333,772.500000
18.180000,1028.500000
18.186667,1540.500000
18.193333,2052.500000
18.200000,2052.500000
18.206667,1540.500000
18.213333,1028.500000
18.220000,772.500000
18.226667,516.500000
18.233333,260.500000
18.240000,-507.500000
18.246667,-1020.500000
18.253333,-1788.500000
18.260000,-2300.500000
18.266667,-2556.500000
18.273333,-2812.500000
18.280000,-3068.500000
18.286667,-3068.500000
18.293333,-3068.500000
18.300000,5123.500000
18.306667,17412.500000
18.313333,20996.500000
18.320000,20996.500000
18.326667,14084.500000
18.333333,2308.500000
18.340000,-2555.500000
18.346667,-2556.500000
18.353333,-2556.500000
18.360000,-1788.500000
18.366667,-1276.500000
18.373333,-764.500000
18.380000,-764.500000
18.386667,-1020.500000
18.393333,-1020.500000
18.400000,1027.500000
18.406667,3076.500000
18.413333,3332.500000
18.420000,3332.500000
18.426667,3076.500000
18.433333,3076.500000
18.440000,4100.500000
18.446667,5124.500000
18.453333,5636.500000
18.460000,6148.500000
18.466667,6660.500000
18.473333,7684.500000
18.480000,8708.500000
18.486667,10244.500000
18.493333,11524.500000
18.500000,12292.500000
18.506667,13060.500000
18.513333,13828.500000
18.520000,14340.500000
18.526667,14596.500000
18.533333,14084.500000
18.540000,13316.500000
18.546667,12292.500000
18.553333,11012.500000
18.560000,9476.500000
18.566667,7684.500000
18.573333,5892.500000
18.580000,4100.500000
18.586667,2564.500000
18.593333,1540.500000
18.600000,1028.500000
18.606667,516.500000
18.613333,-251.500000
18.620000,-764.500000
18.626667,-1276.500000
18.633333,-1788.500000
18.640000,-1788.500000
18.646667,-2044.500000
18.653333,-2044.500000
18.660000,-2300.500000
18.666667,-2044.500000
18.673333,-1788.500000
18.680000,-1532.500000
18.686667,-1276.500000
18.693333,-1276.500000
18.700000,-1788.500000
18.706667,-2044.500000
18.713333,-2044.500000
18.720000,-2044.500000
18.726667,-1788.500000
18.733333,-1788.500000
18.740000,-1532.500000
18.746667,-1276.500000
18.753333,-764.500000
18.760000,-252.500000
18.766667,3.500000
18.773333,260.500000
18.780000,516.500000
18.786667,516.500000
18.793333,772.500000
18.800000,772.500000
18.806667,260.500000
18.813333,4.500000
18.820000,-251.500000
18.826667,-508.500000
18.833333,-764.500000
18.840000,-1020.500000
18.846667,-1276.500000
18.853333,-1276.500000
18.860000,-1788.500000
18.866667,-6652.500000
18.873333,-9468.500000
18.880000,-9468.500000
18.886667,-508.500000
18.893333,18179.500000
18.900000,27908.500000
18.906667,27908.500000
18.913333,21764.500000
18.920000,6916.500000
18.926667,-3579.500000
18.933333,-5116.500000
18.940000,-5116.500000
18.946667,-3324.500000
18.953333,-1788.500000
18.960000,-1532.500000
18.966667,-1788.500000
18.973333,-2812.500000
18.980000,-5372.500000
18.986667,-6908.500000
18.993333,-6908.500000
19.000000,-4860.500000
19.006667,-3068.500000
19.013333,-1788.500000
19.020000,-764.500000
19.026667,-252.500000
19.033333,3.500000
19.040000,4.500000
19.046667,4.500000
19.053333,772.500000
19.060000,1540.500000
19.066667,2564.500000
19.073333,3844.500000
19.080000,5124.500000
19.086667,6404.500000
19.093333,7940.500000
19.100000,9476.500000
19.106667,10756.500000
19.113333,11268.500000
19.120000,10756.500000
19.126667,9476.500000
19.133333,8196.500000
19.140000,6916.500000
19.146667,5892.500000
19.153333,5124.500000
19.160000,3844.500000
19.166667,2564.500000
19.173333,1540.500000
19.180000,516.500000
19.186667,-251.500000
19.193333,-1276.500000
19.200000,-2044.500000
19.206667,-2556.500000
19.213333,-2812.500000
19.220000,-2812.500000
19.226667,-2300.500000
19.233333,-1788.500000
19.240000,-1276.500000
19.246667,-764.500000
19.253333,-508.500000
19.260000,-252.500000
19.266667,-508.500000
19.273333,-764.500000
19.280000,-764.500000
19.286667,-1020.500000
19.293333,-1020.500000
19.300000,-1532.500000
19.306667,-2044.500000
19.313333,-2812.500000
19.320000,-3068.500000
19.326667,-2812.500000
19.333333,-2300.500000
19.340000,-1788.500000
19.346667,-1276.500000
19.353333,-764.500000
19.360000,3.500000
19.366667,1028.500000
19.373333,1796.500000
19.380000,2564.500000
19.386667,3076.500000
19.393333,3588.500000
19.400000,4100.500000
19.406667,4356.500000
19.413333,4356.500000
19.420000,4100.500000
19.426667,3332.500000
19.433333,2308.500000
19.440000,1284.500000
19.446667,260.500000
19.453333,-763.500000
19.460000,-1532.500000
19.466667,-2300.500000
19.473333,-2812.500000
19.480000,-3068.500000
19.486667,3.500000
19.493333,9476.500000
19.500000,15620.500000
19.506667,16132.500000
19.513333,16132.500000
19.520000,9220.500000
19.526667,-2811.500000
19.533333,-8188.500000
19.540000,-8188.500000
19.546667,-7676.500000
19.553333,-6396.500000
19.560000,-6140.500000
19.566667,-5372.500000
19.573333,-2812.500000
19.580000,-508.500000
19.586667,-508.500000
19.593333,-1276.500000
19.600000,-2300.500000
19.606667,-2812.500000
19.613333,-2812.500000
19.620000,-1276.500000
19.626667,-252.500000
19.633333,1027.500000
19.640000,2052.500000
19.646667,2820.500000
19.653333,3332.500000
19.660000,3844.500000
19.666667,4100.500000
19.673333,5124.500000
19.680000,5892.500000
19.686667,6916.500000
19.693333,7684.500000
19.700000,8452.500000
19.706667,8964.500000
19.713333,8708.500000
19.720000,8196.500000
19.726667,7684.500000
19.733333,7172.500000
19.740000,6148.500000
19.746667,4868.500000
19.753333,3588.500000
19.760000,2308.500000
19.766667,1540.500000
19.773333,1284.500000
19.780000,772.500000
19.786667,260.500000
19.793333,4.500000
19.800000,-251.500000
19.806667,-252.500000
19.813333,-252.500000
19.820000,-508.500000
19.826667,-764.500000
19.833333,-764.500000
19.840000,-1020.500000
19.846667,-1020.500000
19.853333,-1276.500000
19.860000,-1276.500000
19.866667,-1276.500000
19.873333,-1020.500000
19.880000,-508.500000
19.886667,-252.500000
19.893333,3.500000
19.900000,4.500000
19.906667,-251.500000
19.913333,-508.500000
19.920000,-508.500000
19.926667,-508.500000
19.933333,-508.500000
19.940000,-508.500000
19.946667,-508.500000
19.953333,-252.500000
19.960000,-252.500000
19.966667,3.500000
19.973333,4.500000
19.980000,4.500000
19.986667,-507.500000
19.993333,-1020.500000
20.000000,-1788.500000
20.006667,-2556.500000
20.013333,-3324.500000
20.020000,-4348.500000
20.026667,-5372.500000
20.033333,-6652.500000
20.040000,-7676.500000
20.046667,-7676.500000
20.053333,259.500000
20.060000,8708.500000
20.066667,12804.500000
20.073333,12804.500000
20.080000,9476.500000
20.086667,516.500000
20.093333,-7931.500000
20.100000,-10492.500000
20.106667,-10492.500000
20.113333,-8444.500000
20.120000,-6396.500000
20.126667,-6396.500000
20.133333,-6652.500000
20.140000,-6652.500000
20.146667,-5628.500000
20.153333,-4860.500000
20.160000,-4348.500000
20.166667,-4092.500000
20.173333,-3324.500000
20.180000,-508.500000
20.186667,3843.500000
20.193333,4868.500000
20.200000,5380.500000
20.206667,5380.500000
20.213333,5380.500000
20.220000,5892.500000
20.226667,6404.500000
20.233333,7428.500000
20.240000,8708.500000
20.246667,9476.500000
20.253333,10500.500000
20.260000,11780.500000
20.266667,13060.500000
20.273333,14084.500000
20.280000,14340.500000
20.286667,14084.500000
20.293333,13316.500000
20.300000,12548.500000
20.306667,11268.500000
20.313333,9476.500000
20.320000,7684.500000
20.326667,5636.500000
20.333333,3588.500000
20.340000,2308.500000
20.346667,1284.500000
20.353333,772.500000
20.360000,516.500000
20.366667,516.500000
20.373333,772.500000
20.380000,516.500000
20.386667,516.500000
20.393333,260.500000
20.400000,4.500000
20.406667,-507.500000
20.413333,-1276.500000
20.420000,-2044.500000
20.426667,-2300.500000
20.433333,-2556.500000
20.440000,-2812.500000
20.446667,-3068.500000
20.453333,-3324.500000
20.460000,-3324.500000
20.466667,-3324.500000
20.473333,-3068.500000
20.480000,-3068.500000
20.486667,-2812.500000
20.493333,-2300.500000
20.500000,-2044.500000
20.506667,-1788.500000
20.513333,-1788.500000
20.520000,-1788.500000
20.526667,-1788.500000
20.533333,-1532.500000
20.540000,-1276.500000
20.546667,-1020.500000
20.553333,-1020.500000
20.560000,-764.500000
20.566667,3.500000
20.573333,1028.500000
20.580000,1796.500000
20.586667,2308.500000
20.593333,2308.500000
20.600000,2308.500000
20.606667,2052.500000
20.613333,2052.500000
20.620000,1540.500000
20.626667,772.500000
20.633333,-507.500000
20.640000,-1532.500000
20.646667,-6140.500000
20.653333,-6908.500000
20.660000,-6908.500000
20.666667,-3836.500000
20.673333,9219.500000
20.680000,24324.500000
20.686667,29188.500000
20.693333,29188.500000
20.700000,19716.500000
20.706667,3588.500000
20.713333,-3835.500000
20.720000,-4092.500000
20.726667,-4092.500000
20.733333,-4348.500000
20.740000,-5116.500000
20.746667,-5116.500000
20.753333,-3836.500000
20.760000,-1532.500000
20.766667,-252.500000
20.773333,3.500000
20.780000,4.500000
20.786667,-251.500000
20.793333,-252.500000
20.800000,-508.500000
20.806667,-508.500000
20.813333,3.500000
20.820000,1028.500000
20.826667,2052.500000
20.833333,3332.500000
20.840000,4612.500000
20.846667,6404.500000
20.853333,7940.500000
20.860000,9732.500000
20.866667,11012.500000
20.873333,11780.500000
20.880000,12036.500000
20.886667,12548.500000
20.893333,12804.500000
20.900000,12804.500000
20.906667,12548.500000
20.913333,12292.500000
20.920000,11780.500000
20.926667,11012.500000
20.933333,10244.500000
20.940000,8964.500000
20.946667,7684.500000
20.953333,6148.500000
20.960000,4612.500000
20.966667,3332.500000
20.973333,2052.500000
20.980000,1284.500000
20.986667,516.500000
20.993333,4.500000
21.000000,-763.500000
21.006667,-1276.500000
21.013333,-1788.500000
21.020000,-1788.500000
21.026667,-1532.500000
21.033333,-1276.500000
21.040000,-1276.500000
21.046667,-1020.500000
21.053333,-1020.500000
21.060000,-764.500000
21.066667,-508.500000
21.073333,-764.500000
21.080000,-1020.500000
21.086667,-1276.500000
21.093333,-1276.500000
21.100000,-764.500000
21.106667,-252.500000
21.113333,259.500000
21.120000,772.500000
21.126667,1028.500000
21.133333,772.500000
21.140000,516.500000
21.146667,516.500000
21.153333,772.500000
21.160000,1028.500000
21.166667,1028.500000
21.173333,1284.500000
21.180000,1540.500000
21.186667,1540.500000
21.193333,1284.500000
21.200000,516.500000
21.206667,-507.500000
21.213333,-1532.500000
21.220000,-2556.500000
21.226667,-3324.500000
21.233333,-3836.500000
21.240000,-5372.500000
21.246667,-7164.500000
21.253333,-7164.500000
21.260000,-252.500000
21.266667,15619.500000
21.273333,25092.500000
21.280000,25092.500000
21.286667,23044.500000
21.293333,12292.500000
21.300000,-763.500000
21.306667,-5628.500000
21.313333,-5628.500000
21.320000,-3836.500000
21.326667,-1788.500000
21.333333,-1532.500000
21.340000,-1532.500000
21.346667,515.500000
21.353333,2052.500000
21.360000,2052.500000
21.366667,1284.500000
21.373333,516.500000
21.380000,516.500000
21.386667,516.500000
21.393333,1028.500000
21.400000,1796.500000
21.406667,2820.500000
21.413333,3588.500000
21.420000,4356.500000
21.426667,5892.500000
21.433333,7428.500000
21.440000,9220.500000
21.446667,10756.500000
21.453333,12036.500000
21.460000,13060.500000
21.466667,13316.500000
21.473333,13572.500000
21.480000,13572.500000
21.486667,13572.500000
21.493333,13060.500000
21.500000,12548.500000
21.506667,11524.500000
21.513333,10244.500000
21.520000,9220.500000
21.526667,8196.500000
21.533333,7172.500000
21.540000,5892.500000
21.546667,4100.500000
21.553333,2820.500000
21.560000,1796.500000
21.566667,1028.500000
21.573333,516.500000
21.580000,4.500000
21.586667,-507.500000
21.593333,-1276.500000
21.600000,-1788.500000
21.606667,-1788.500000
21.613333,-1788.500000
21.620000,-1532.500000
21.626667,-1532.500000
21.633333,-1788.500000
21.640000,-1532.500000
21.646667,-1276.500000
21.653333,-1020.500000
21.660000,-508.500000
21.666667,-508.500000
21.673333,-764.500000
21.680000,-1020.500000
21.686667,-1276.500000
21.693333,-1276.500000
21.700000,-764.500000
21.706667,-252.500000
21.713333,259.500000
21.720000,516.500000
21.726667,772.500000
21.733333,1028.500000
21.740000,1028.500000
21.746667,772.500000
21.753333,260.500000
21.760000,4.500000
21.766667,-251.500000
21.773333,-252.500000
21.780000,3.500000
21.786667,260.500000
21.793333,516.500000
21.800000,1028.500000
21.806667,1028.500000
21.813333,1028.500000
21.820000,772.500000
21.826667,516.500000
21.833333,4.500000
21.840000,-507.500000
21.846667,-764.500000
21.853333,-764.500000
21.860000,-508.500000
21.866667,-508.500000
21.873333,-508.500000
21.880000,-764.500000
21.886667,-1276.500000
21.893333,-1788.500000
21.900000,-2556.500000
21.906667,-3324.500000
21.913333,-4348.500000
21.920000,-4860.500000
21.926667,-5372.500000
21.933333,-5884.500000
21.940000,-8188.500000
21.946667,-8188.500000
21.953333,-3836.500000
21.960000,9731.500000
21.966667,18948.500000
21.973333,18948.500000
21.980000,15876.500000
21.986667,6660.500000
21.993333,-2555.500000
22.000000,-6140.500000
22.006667,-6652.500000
22.013333,-6652.500000
22.020000,-5628.500000
22.026667,-4860.500000
22.033333,-4604.500000
22.040000,-4348.500000
22.046667,-3580.500000
22.053333,-2044.500000
22.060000,259.500000
22.066667,1284.500000
22.073333,1284.500000
22.080000,1284.500000
22.086667,1284.500000
22.093333,1028.500000
22.100000,1284.500000
22.106667,1540.500000
22.113333,2052.500000
22.120000,2564.500000
22.126667,3076.500000
22.133333,3588.500000
22.140000,4100.500000
22.146667,4612.500000
22.153333,5124.500000
22.160000,5636.500000
22.166667,6148.500000
22.173333,6916.500000
22.180000,7940.500000
22.186667,8452.500000
22.193333,8452.500000
22.200000,7940.500000
22.206667,7428.500000
22.213333,6404.500000
22.220000,4868.500000
22.226667,3076.500000
22.233333,1284.500000
22.240000,-251.500000
22.246667,-1020.500000
22.253333,-1788.500000
22.260000,-2300.500000
22.266667,-2812.500000
22.273333,-2812.500000
22.280000,-2812.500000
22.286667,-2812.500000
22.293333,-2556.500000
22.300000,-2300.500000
22.306667,-2044.500000
22.313333,-1788.500000
22.320000,-1532.500000
22.326667,-1532.500000
22.333333,-1276.500000
22.340000,-764.500000
22.346667,-508.500000
22.353333,3.500000
22.360000,516.500000
22.366667,1028.500000
22.373333,1540.500000
22.380000,2052.500000
22.386667,2308.500000
22.393333,2052.500000
22.400000,1540.500000
22.406667,1028.500000
22.413333,516.500000
22.420000,260.500000
22.426667,-251.500000
22.433333,-764.500000
22.440000,-1532.500000
22.446667,-2044.500000
22.453333,-2300.500000
22.460000,-2556.500000
22.466667,-3324.500000
22.473333,-4348.500000
22.480000,-5372.500000
22.486667,-5372.500000
22.493333,7171.500000
22.500000,11268.500000
22.506667,11268.500000
22.513333,6148.500000
22.520000,-2555.500000
22.526667,-6908.500000
22.533333,-7420.500000
22.540000,-7420.500000
22.546667,-7164.500000
22.553333,-6652.500000
22.560000,-5884.500000
22.566667,-4092.500000
22.573333,-2812.500000
22.580000,-2300.500000
22.586667,-2044.500000
22.593333,-1276.500000
22.600000,3.500000
22.606667,772.500000
22.613333,1028.500000
22.620000,1028.500000
22.626667,2308.500000
22.633333,3332.500000
22.640000,4612.500000
22.646667,6148.500000
22.653333,7428.500000
22.660000,8196.500000
22.666667,8964.500000
22.673333,9220.500000
22.680000,10500.500000
22.686667,11268.500000
22.693333,11524.500000
22.700000,11780.500000
22.706667,11524.500000
22.713333,11012.500000
22.720000,10500.500000
22.726667,10244.500000
22.733333,9988.500000
22.740000,9476.500000
22.746667,8452.500000
22.753333,7172.500000
22.760000,5892.500000
22.766667,4868.500000
22.773333,3588.500000
22.780000,2308.500000
22.786667,772.500000
22.793333,-507.500000
22.800000,-764.500000
22.806667,-764.500000
22.813333,-764.500000
22.820000,-764.500000
22.826667,-764.500000
22.833333,-764.500000
22.840000,-508.500000
22.846667,-252.500000
22.853333,-252.500000
22.860000,-764.500000
22.866667,-764.500000
22.873333,-764.500000
22.880000,-252.500000
22.886667,259.500000
22.893333,516.500000
22.900000,516.500000
22.906667,260.500000
22.913333,4.500000
22.920000,-251.500000
22.926667,-508.500000
22.933333,-764.500000
22.940000,-1020.500000
22.946667,-1020.500000
22.953333,-764.500000
22.960000,-252.500000
22.966667,3.500000
22.973333,260.500000
22.980000,516.500000
22.986667,260.500000
22.993333,260.500000
23.000000,4.500000
23.006667,4.500000
23.013333,4.500000
23.020000,4.500000
23.026667,-251.500000
23.033333,-252.500000
23.040000,-252.500000
23.046667,-252.500000
23.053333,-508.500000
23.060000,-764.500000
23.066667,-1020.500000
23.073333,-764.500000
23.080000,3.500000
23.086667,516.500000
23.093333,1284.500000
23.100000,1796.500000
23.106667,2052.500000
23.113333,2308.500000
23.120000,2564.500000
23.126667,2820.500000
23.133333,2820.500000
23.140000,2564.500000
23.146667,1796.500000
23.153333,1540.500000
23.160000,1796.500000
23.166667,1796.500000
23.173333,1540.500000
23.180000,1028.500000
23.186667,260.500000
23.193333,-251.500000
23.200000,-508.500000
23.206667,-2044.500000
23.213333,-3068.500000
23.220000,-3068.500000
23.226667,-1276.500000
23.233333,7683.500000
23.240000,22788.500000
23.246667,30468.500000
23.253333,30468.500000
23.260000,24836.500000
23.266667,13316.500000
23.273333,3076.500000
23.280000,-2811.500000
23.286667,-5116.500000
23.293333,-5116.500000
23.300000,-4092.500000
23.306667,-2044.500000
23.313333,-764.500000
23.320000,-508.500000
23.326667,-508.500000
23.333333,-1532.500000
23.340000,-2556.500000
23.346667,-2556.500000
23.353333,-2300.500000
23.360000,-1532.500000
23.366667,-508.500000
23.373333,3.500000
23.380000,260.500000
23.386667,772.500000
23.393333,1796.500000
23.400000,3332.500000
23.406667,4612.500000
23.413333,5636.500000
23.420000,6148.500000
23.426667,6916.500000
23.433333,7684.500000
23.440000,8452.500000
23.446667,9220.500000
23.453333,9476.500000
23.460000,9988.500000
23.466667,10500.500000
23.473333,10756.500000
23.480000,10756.500000
23.486667,10244.500000
23.493333,9476.500000
23.500000,8452.500000
23.506667,7428.500000
23.513333,6148.500000
23.520000,4868.500000
23.526667,3332.500000
23.533333,2308.500000
23.540000,1540.500000
23.546667,1028.500000
23.553333,772.500000
23.560000,516.500000
23.566667,516.500000
23.573333,772.500000
23.580000,1028.500000
23.586667,1284.500000
23.593333,1284.500000
23.600000,1284.500000
23.606667,772.500000
23.613333,260.500000
23.620000,-251.500000
23.626667,-252.500000
23.633333,-252.500000
23.640000,-252.500000
23.646667,3.500000
23.653333,4.500000
23.660000,4.500000
23.666667,4.500000
23.673333,4.500000
23.680000,4.500000
23.686667,-251.500000
23.693333,-508.500000
23.700000,-764.500000
23.706667,-764.500000
23.713333,-764.500000
23.720000,-1276.500000
23.726667,-1788.500000
23.733333,-2044.500000
23.740000,-2044.500000
23.746667,-2044.500000
23.753333,-2300.500000
23.760000,-2300.500000
23.766667,-2300.500000
23.773333,-2044.500000
23.780000,-2044.500000
23.786667,-2044.500000
23.793333,-2044.500000
23.800000,-2044.500000
23.806667,-1788.500000
23.813333,-1276.500000
23.820000,-764.500000
23.826667,-508.500000
23.833333,-252.500000
23.840000,3.500000
23.846667,4.500000
23.853333,-763.500000
23.860000,-1532.500000
23.866667,-2300.500000
23.873333,-3068.500000
23.880000,-4860.500000
23.886667,-6140.500000
23.893333,-6140.500000
23.900000,-3836.500000
23.906667,6915.500000
23.913333,18436.500000
23.920000,21252.500000
23.926667,21252.500000
23.933333,14084.500000
23.940000,1284.500000
23.946667,-4603.500000
23.953333,-4604.500000
23.960000,-2812.500000
23.966667,-1020.500000
23.973333,-508.500000
23.980000,-508.500000
23.986667,-1532.500000
23.993333,-2812.500000
24.000000,-2812.500000
24.006667,-1020.500000
24.013333,2307.500000
24.020000,3076.500000
24.026667,3332.500000
24.033333,3332.500000
24.040000,3076.500000
24.046667,3076.500000
24.053333,3332.500000
24.060000,3844.500000
24.066667,5124.500000
24.073333,6148.500000
24.080000,7684.500000
24.086667,9476.500000
24.093333,11268.500000
24.100000,13060.500000
24.106667,14596.500000
24.113333,15364.500000
24.120000,15620.500000
24.126667,15364.500000
24.133333,14596.500000
24.140000,13572.500000
24.146667,12804.500000
24.153333,11524.500000
24.160000,9988.500000
24.166667,8452.500000
24.173333,6916.500000
24.180000,5636.500000
24.186667,4100.500000
24.193333,2820.500000
24.200000,1540.500000
24.206667,516.500000
24.213333,-251.500000
24.220000,-1020.500000
24.226667,-1276.500000
24.233333,-1532.500000
24.240000,-1276.500000
24.246667,-1020.500000
24.253333,-508.500000
24.260000,259.500000
24.266667,772.500000
24.273333,1540.500000
24.280000,1796.500000
24.286667,1796.500000
24.293333,1540.500000
24.300000,1028.500000
24.306667,516.500000
24.313333,-251.500000
24.320000,-1020.500000
24.326667,-1532.500000
24.333333,-1788.500000
24.340000,-2044.500000
24.346667,-2044.500000
24.353333,-2044.500000
24.360000,-2044.500000
24.366667,-2300.500000
24.373333,-2556.500000
24.380000,-2300.500000
24.386667,-2044.500000
24.393333,-1532.500000
24.400000,-1020.500000
24.406667,-508.500000
24.413333,3.500000
24.420000,772.500000
24.426667,1796.500000
24.433333,2308.500000
24.440000,2564.500000
24.446667,2308.500000
24.453333,1796.500000
24.460000,1284.500000
24.466667,772.500000
24.473333,260.500000
24.480000,-251.500000
24.486667,-1020.500000
24.493333,-1788.500000
24.500000,-2044.500000
24.506667,-2556.500000
24.513333,-3068.500000
24.520000,-3836.500000
24.526667,-3068.500000
24.533333,7171.500000
24.540000,13828.500000
24.546667,13828.500000
24.553333,13572.500000
24.560000,7684.500000
24.566667,-1787.500000
24.573333,-7932.500000
24.580000,-10236.500000
24.586667,-10236.500000
24.593333,-9468.500000
24.600000,-6652.500000
24.606667,-3836.500000
24.613333,-2300.500000
24.620000,-2300.500000
24.626667,-2300.500000
24.633333,-764.500000
24.640000,1027.500000
24.646667,2052.500000
24.653333,2052.500000
24.660000,1796.500000
24.666667,1796.500000
24.673333,1796.500000
24.680000,1796.500000
24.686667,1796.500000
24.693333,1796.500000
24.700000,2308.500000
24.706667,3076.500000
24.713333,4100.500000
24.720000,5124.500000
24.726667,6148.500000
24.733333,7172.500000
24.740000,8196.500000
24.746667,8964.500000
24.753333,9476.500000
24.760000,9220.500000
24.766667,8708.500000
24.773333,8196.500000
24.780000,7684.500000
24.786667,7172.500000
24.793333,6148.500000
24.800000,4868.500000
24.806667,3076.500000
24.813333,1540.500000
24.820000,4.500000
24.826667,-1531.500000
24.833333,-2812.500000
24.840000,-4092.500000
24.846667,-4860.500000
24.853333,-5116.500000
24.860000,-5116.500000
24.866667,-5116.500000
24.873333,-4604.500000
24.880000,-4092.500000
24.886667,-3580.500000
24.893333,-3324.500000
24.900000,-2812.500000
24.906667,-2556.500000
24.913333,-2300.500000
24.920000,-2044.500000
24.926667,-1788.500000
24.933333,-1532.500000
24.940000,-1788.500000
24.946667,-1788.500000
24.953333,-2044.500000
24.960000,-2044.500000
24.966667,-1788.500000
24.973333,-1532.500000
24.980000,-1276.500000
24.986667,-1532.500000
24.993333,-1788.500000
25.000000,-1788.500000
25.006667,-1532.500000
25.013333,-1020.500000
25.020000,-764.500000
25.026667,-252.500000
25.033333,259.500000
25.040000,772.500000
25.046667,1028.500000
25.053333,1284.500000
25.060000,1796.500000
25.066667,2308.500000
25.073333,2564.500000
25.080000,2820.500000
25.086667,2820.500000
25.093333,2564.500000
25.100000,2308.500000
25.106667,2052.500000
25.113333,1284.500000
25.120000,260.500000
25.126667,-507.500000
25.133333,-1532.500000
25.140000,-5884.500000
25.146667,-8444.500000
25.153333,-8444.500000
25.160000,-4092.500000
25.166667,7427.500000
25.173333,22276.500000
25.180000,29444.500000
25.186667,29444.500000
25.193333,24068.500000
25.200000,12548.500000
25.206667,2052.500000
25.213333,-4347.500000
25.220000,-6140.500000
25.226667,-6396.500000
25.233333,-7420.500000
25.240000,-8444.500000
25.246667,-8444.500000
25.253333,-7676.500000
25.260000,-5884.500000
25.266667,-4348.500000
25.273333,-4092.500000
25.280000,-4092.500000
25.286667,-4092.500000
25.293333,-4092.500000
25.300000,-3580.500000
25.306667,-3068.500000
25.313333,-2556.500000
25.320000,-2300.500000
25.326667,-1788.500000
25.333333,-1020.500000
25.340000,3.500000
25.346667,1284.500000
25.353333,2308.500000
25.360000,3076.500000
25.366667,3588.500000
25.373333,3844.500000
25.380000,4356.500000
25.386667,4612.500000
25.393333,4356.500000
25.400000,3844.500000
25.406667,2820.500000
25.413333,2052.500000
25.420000,1796.500000
25.426667,1284.500000
25.433333,516.500000
25.440000,4.500000
25.446667,-763.500000
25.453333,-1276.500000
25.460000,-1788.500000
25.466667,-2044.500000
25.473333,-2812.500000
25.480000,-3580.500000
25.486667,-4092.500000
25.493333,-4348.500000
25.500000,-4092.500000
25.506667,-3836.500000
25.513333,-3324.500000
25.520000,-3068.500000
25.526667,-2300.500000
25.533333,-1532.500000
25.540000,-508.500000
25.546667,259.500000
25.553333,1028.500000
25.560000,1284.500000
25.566667,1284.500000
25.573333,1028.500000
25.580000,516.500000
25.586667,4.500000
25.593333,-507.500000
25.600000,-764.500000
25.606667,-764.500000
25.613333,-1020.500000
25.620000,-764.500000
25.626667,-252.500000
25.633333,515.500000
25.640000,1284.500000
25.646667,2308.500000
25.653333,2820.500000
25.660000,3076.500000
25.666667,2820.500000
25.673333,2308.500000
25.680000,1796.500000
25.686667,1284.500000
25.693333,1028.500000
25.700000,516.500000
25.706667,260.500000
25.713333,4.500000
25.720000,4.500000
25.726667,516.500000
25.733333,772.500000
25.740000,516.500000
25.746667,-251.500000
25.753333,-1020.500000
25.760000,-1788.500000
25.766667,-2556.500000
25.773333,-3324.500000
25.780000,-4092.500000
25.786667,-5116.500000
25.793333,-6140.500000
25.800000,-6140.500000
25.806667,1795.500000
25.813333,18948.500000
25.820000,28164.500000
25.826667,28164.500000
25.833333,23300.500000
25.840000,9732.500000
25.846667,-3067.500000
25.853333,-7164.500000
25.860000,-7164.500000
25.866667,-4604.500000
25.873333,-2300.500000
25.880000,-2300.500000
25.886667,-2556.500000
25.893333,-2556.500000
25.900000,-1532.500000
25.906667,-508.500000
25.913333,-252.500000
25.920000,3.500000
25.926667,4.500000
25.933333,516.500000
25.940000,1284.500000
25.946667,1796.500000
25.953333,2052.500000
25.960000,2308.500000
25.966667,2564.500000
25.973333,3076.500000
25.980000,3844.500000
25.986667,4356.500000
25.993333,4612.500000
26.000000,4612.500000
26.006667,4612.500000
26.013333,4868.500000
26.020000,5124.500000
26.026667,5380.500000
26.033333,5636.500000
26.040000,5636.500000
26.046667,5124.500000
26.053333,4868.500000
26.060000,4612.500000
26.066667,4356.500000
26.073333,3844.500000
26.080000,2564.500000
26.086667,1028.500000
26.093333,4.500000
26.100000,-507.500000
26.106667,-764.500000
26.113333,-764.500000
26.120000,-1020.500000
26.126667,-764.500000
26.133333,-252.500000
26.140000,515.500000
26.146667,772.500000
26.153333,772.500000
26.160000,516.500000
26.166667,260.500000
26.173333,516.500000
26.180000,516.500000
26.186667,260.500000
26.193333,4.500000
26.200000,4.500000
26.206667,260.500000
26.213333,516.500000
26.220000,772.500000
26.226667,516.500000
26.233333,516.500000
26.240000,260.500000
26.246667,4.500000
26.253333,-763.500000
26.260000,-1532.500000
26.266667,-2300.500000
26.273333,-2556.500000
26.280000,-2556.500000
26.286667,-2812.500000
26.293333,-2812.500000
26.300000,-2300.500000
26.306667,-1532.500000
26.313333,-508.500000
26.320000,3.500000
26.326667,260.500000
26.333333,4.500000
26.340000,-251.500000
26.346667,-252.500000
26.353333,3.500000
26.360000,4.500000
26.366667,4.500000
26.373333,-251.500000
26.380000,-764.500000
26.386667,-1276.500000
26.393333,-1788.500000
26.400000,-2044.500000
26.406667,-2812.500000
26.413333,-3324.500000
26.420000,-3836.500000
26.426667,-3324.500000
26.433333,-1788.500000
26.440000,4867.500000
26.446667,15364.500000
26.453333,20740.500000
26.460000,20740.500000
26.466667,15108.500000
26.473333,2564.500000
26.480000,-4347.500000
26.486667,-4348.500000
26.493333,-4348.500000
26.500000,-3068.500000
26.506667,-2044.500000
26.513333,-2044.500000
26.520000,-3580.500000
26.526667,-5116.500000
26.533333,-5116.500000
26.540000,-3836.500000
26.546667,-1532.500000
26.553333,-252.500000
26.560000,-252.500000
26.566667,-508.500000
26.573333,-1020.500000
26.580000,-1532.500000
26.586667,-1788.500000
26.593333,-1532.500000
26.600000,-508.500000
26.606667,771.500000
26.613333,1796.500000
26.620000,2820.500000
26.626667,3844.500000
26.633333,5124.500000
26.640000,6404.500000
26.646667,7684.500000
26.653333,8452.500000
26.660000,8708.500000
26.666667,8708.500000
26.673333,8708.500000
26.680000,8196.500000
26.686667,7172.500000
26.693333,6148.500000
26.700000,5124.500000
26.706667,4356.500000
26.713333,3588.500000
26.720000,2820.500000
26.726667,2052.500000
26.733333,1284.500000
26.740000,516.500000
26.746667,-763.500000
26.753333,-2044.500000
26.760000,-3580.500000
26.766667,-4348.500000
26.773333,-4860.500000
26.780000,-4860.500000
26.786667,-4604.500000
26.793333,-4092.500000
26.800000,-3324.500000
26.806667,-2812.500000
26.813333,-2300.500000
26.820000,-2044.500000
26.826667,-2044.500000
26.833333,-2044.500000
26.840000,-2044.500000
26.846667,-2300.500000
26.853333,-2556.500000
26.860000,-2556.500000
26.866667,-2812.500000
26.873333,-3068.500000
26.880000,-3068.500000
26.886667,-3068.500000
26.893333,-2812.500000
26.900000,-2556.500000
26.906667,-2044.500000
26.913333,-1276.500000
26.920000,-508.500000
26.926667,3.500000
26.933333,260.500000
26.940000,516.500000
26.946667,772.500000
26.953333,1028.500000
26.960000,1028.500000
26.966667,1028.500000
26.973333,772.500000
26.980000,516.500000
26.986667,260.500000
26.993333,4.500000
27.000000,-6395.500000
27.006667,-11004.500000
27.013333,-11004.500000
27.020000,-5372.500000
27.026667,8451.500000
27.033333,16900.500000
27.040000,16900.500000
27.046667,13316.500000
27.053333,3844.500000
27.060000,-6651.500000
27.066667,-11004.500000
27.073333,-11004.500000
27.080000,-10236.500000
27.086667,-7420.500000
27.093333,-4092.500000
27.100000,-1788.500000
27.106667,-764.500000
27.113333,-252.500000
27.120000,-252.500000
27.126667,-1020.500000
27.133333,-2044.500000
27.140000,-2044.500000
27.146667,-2044.500000
27.153333,-1532.500000
27.160000,-1276.500000
27.166667,-764.500000
27.173333,-508.500000
27.180000,-252.500000
27.186667,771.500000
27.193333,2052.500000
27.200000,3588.500000
27.206667,4612.500000
27.213333,5636.500000
27.220000,6660.500000
27.226667,7684.500000
27.233333,8708.500000
27.240000,9476.500000
27.246667,9988.500000
27.253333,9988.500000
27.260000,9476.500000
27.266667,8708.500000
27.273333,7940.500000
27.280000,7172.500000
27.286667,6148.500000
27.293333,4868.500000
27.300000,2820.500000
27.306667,1028.500000
27.313333,-251.500000
27.320000,-1020.500000
27.326667,-2044.500000
27.333333,-3068.500000
27.340000,-3836.500000
27.346667,-4348.500000
27.353333,-4092.500000
27.360000,-4092.500000
27.366667,-4092.500000
27.373333,-4604.500000
27.380000,-4860.500000
27.386667,-5116.500000
27.393333,-5372.500000
27.400000,-5628.500000
27.406667,-6140.500000
27.413333,-6140.500000
27.420000,-6140.500000
27.426667,-5884.500000
27.433333,-5628.500000
27.440000,-5372.500000
27.446667,-5116.500000
27.453333,-4860.500000
27.460000,-4860.500000
27.466667,-4860.500000
27.473333,-5116.500000
27.480000,-5372.500000
27.486667,-5372.500000
27.493333,-4860.500000
27.500000,-4348.500000
27.506667,-3836.500000
27.513333,-3836.500000
27.520000,-3836.500000
27.526667,-3580.500000
27.533333,-3068.500000
27.540000,-2812.500000
27.546667,-2300.500000
27.553333,-2044.500000
27.560000,-1788.500000
27.566667,-1276.500000
27.573333,-508.500000
27.580000,259.500000
27.586667,516.500000
27.593333,260.500000
27.600000,-763.500000
27.606667,-1788.500000
27.613333,-3068.500000
27.620000,-7676.500000
27.626667,-9468.500000
27.633333,-9468.500000
27.640000,-8188.500000
27.646667,3587.500000
27.653333,18948.500000
27.660000,23556.500000
27.666667,23556.500000
27.673333,15364.500000
27.680000,2308.500000
27.686667,-1787.500000
27.693333,-1788.500000
27.700000,-1532.500000
27.706667,-1788.500000
27.713333,-2556.500000
27.720000,-2556.500000
27.726667,-2300.500000
27.733333,-2044.500000
27.740000,-2300.500000
27.746667,-2556.500000
27.753333,-2556.500000
27.760000,-2044.500000
27.766667,-1532.500000
27.773333,-1276.500000
27.780000,-1020.500000
27.786667,-1020.500000
27.793333,-1020.500000
27.800000,-1020.500000
27.806667,-252.500000
27.813333,771.500000
27.820000,1796.500000
27.826667,3332.500000
27.833333,4612.500000
27.840000,5892.500000
27.846667,7172.500000
27.853333,8708.500000
27.860000,9732.500000
27.866667,10244.500000
27.873333,9988.500000
27.880000,9476.500000
27.886667,8452.500000
27.893333,6916.500000
27.900000,5380.500000
27.906667,3588.500000
27.913333,1796.500000
27.920000,260.500000
27.926667,-1275.500000
27.933333,-2044.500000
27.940000,-2300.500000
27.946667,-2300.500000
27.953333,-2044.500000
27.960000,-1788.500000
27.966667,-1532.500000
27.973333,-1276.500000
27.980000,-1276.500000
27.986667,-1276.500000
27.993333,-1276.500000
28.000000,-1020.500000
28.006667,-764.500000
28.013333,-508.500000
28.020000,-252.500000
28.026667,3.500000
28.033333,260.500000
28.040000,260.500000
28.046667,260.500000
28.053333,260.500000
28.060000,4.500000
28.066667,4.500000
28.073333,4.500000
28.080000,-251.500000
28.086667,-508.500000
28.093333,-508.500000
28.100000,-508.500000
28.106667,-252.500000
28.113333,-252.500000
28.120000,3.500000
28.126667,260.500000
28.133333,516.500000
28.140000,772.500000
28.146667,1284.500000
28.153333,1284.500000
28.160000,1284.500000
28.166667,1540.500000
28.173333,1540.500000
28.180000,1540.500000
28.186667,1284.500000
28.193333,772.500000
28.200000,4.500000
28.206667,-507.500000
28.213333,-1276.500000
28.220000,-2300.500000
28.226667,-3068.500000
28.233333,-5884.500000
28.240000,-8188.500000
28.246667,-8188.500000
28.253333,-7420.500000
28.260000,4611.500000
28.266667,26116.500000
28.273333,-29179.500000
28.280000,-29179.500000
28.286667,28932.500000
28.293333,11780.500000
28.300000,-763.500000
28.306667,-3580.500000
28.313333,-3580.500000
28.320000,-2812.500000
28.326667,-2044.500000
28.333333,-2044.500000
28.340000,-2300.500000
28.346667,-2300.500000
28.353333,-764.500000
28.360000,1795.500000
28.366667,3076.500000
28.373333,3076.500000
28.380000,3332.500000
28.386667,3588.500000
28.393333,3844.500000
28.400000,4356.500000
28.406667,5124.500000
28.413333,5636.500000
28.420000,6660.500000
28.426667,7684.500000
28.433333,8964.500000
28.440000,10244.500000
28.446667,12036.500000
28.453333,13316.500000
28.460000,14340.500000
28.466667,14852.500000
28.473333,15364.500000
28.480000,15876.500000
28.486667,16132.500000
28.493333,15620.500000
28.500000,14340.500000
28.506667,12548.500000
28.513333,10500.500000
28.520000,8708.500000
28.526667,6660.500000
28.533333,4868.500000
28.540000,3076.500000
28.546667,1540.500000
28.553333,260.500000
28.560000,-763.500000
28.566667,-1276.500000
28.573333,-2044.500000
28.580000,-2300.500000
28.586667,-2300.500000
28.593333,-2300.500000
28.600000,-2300.500000
28.606667,-2300.500000
28.613333,-2044.500000
28.620000,-1532.500000
28.626667,-1276.500000
28.633333,-1276.500000
28.640000,-1532.500000
28.646667,-1788.500000
28.653333,-1788.500000
28.660000,-1276.500000
28.666667,-764.500000
28.673333,3.500000
28.680000,260.500000
28.686667,516.500000
28.693333,260.500000
28.700000,4.500000
28.706667,4.500000
28.713333,-251.500000
28.720000,-508.500000
28.726667,-1020.500000
28.733333,-1020.500000
28.740000,-764.500000
28.746667,-508.500000
28.753333,-508.500000
28.760000,-508.500000
28.766667,-1020.500000
28.773333,-1276.500000
28.780000,-1020.500000
28.786667,-764.500000
28.793333,-508.500000
28.800000,-252.500000
28.806667,3.500000
28.813333,260.500000
28.820000,772.500000
28.826667,1028.500000
28.833333,1284.500000
28.840000,1028.500000
28.846667,1028.500000
28.853333,1284.500000
28.860000,1284.500000
28.866667,1540.500000
28.873333,1284.500000
28.880000,772.500000
28.886667,4.500000
28.893333,-763.500000
28.900000,-1532.500000
28.906667,-2556.500000
28.913333,-9212.500000
28.920000,-10748.500000
28.926667,-10748.500000
28.933333,-5628.500000
28.940000,5891.500000
28.946667,16132.500000
28.953333,19716.500000
28.960000,19716.500000
28.966667,13572.500000
28.973333,1540.500000
28.980000,-4859.500000
28.986667,-4860.500000
28.993333,-4348.500000
29.000000,-3836.500000
29.006667,-3836.500000
29.013333,-5116.500000
29.020000,-6652.500000
29.026667,-6652.500000
29.033333,-3324.500000
29.040000,3.500000
29.046667,4.500000
29.053333,-507.500000
29.060000,-764.500000
29.066667,-1020.500000
29.073333,-508.500000
29.080000,259.500000
29.086667,772.500000
29.093333,1284.500000
29.100000,1796.500000
29.106667,2564.500000
29.113333,3844.500000
29.120000,5380.500000
29.126667,6660.500000
29.133333,7684.500000
29.140000,8708.500000
29.146667,9732.500000
29.153333,10500.500000
29.160000,11012.500000
29.166667,10756.500000
29.173333,10500.500000
29.180000,9988.500000
29.186667,9476.500000
29.193333,8452.500000
29.200000,6916.500000
29.206667,5380.500000
29.213333,3844.500000
29.220000,2820.500000
29.226667,1540.500000
29.233333,260.500000
29.240000,-763.500000
29.246667,-1532.500000
29.253333,-2044.500000
29.260000,-2300.500000
29.266667,-2556.500000
29.273333,-2812.500000
29.280000,-3068.500000
29.286667,-3068.500000
29.293333,-3068.500000
29.300000,-3068.500000
29.306667,-2812.500000
29.313333,-2556.500000
29.320000,-2556.500000
29.326667,-2556.500000
29.333333,-2556.500000
29.340000,-2556.500000
29.346667,-2044.500000
29.353333,-1788.500000
29.360000,-1276.500000
29.366667,-1020.500000
29.373333,-764.500000
29.380000,-252.500000
29.386667,515.500000
29.393333,1284.500000
29.400000,1796.500000
29.406667,2308.500000
29.413333,2820.500000
29.420000,3332.500000
29.426667,3844.500000
29.433333,3844.500000
29.440000,3332.500000
29.446667,2564.500000
29.453333,1540.500000
29.460000,516.500000
29.466667,-507.500000
29.473333,-1276.500000
29.480000,-2044.500000
29.486667,-2812.500000
29.493333,-3324.500000
29.500000,-3068.500000
29.506667,9219.500000
29.513333,15876.500000
29.520000,16388.500000
29.526667,16388.500000
29.533333,9476.500000
29.540000,-1787.500000
29.546667,-6396.500000
29.553333,-6396.500000
29.560000,-4604.500000
29.566667,-2812.500000
29.573333,-2556.500000
29.580000,-1276.500000
29.586667,3.500000
29.593333,4.500000
29.600000,-507.500000
29.606667,-1276.500000
29.613333,-1276.500000
29.620000,-252.500000
29.626667,1283.500000
29.633333,2052.500000
29.640000,2308.500000
29.646667,2308.500000
29.653333,2564.500000
29.660000,3076.500000
29.666667,3844.500000
29.673333,4868.500000
29.680000,6148.500000
29.686667,7172.500000
29.693333,8708.500000
29.700000,10500.500000
29.706667,11780.500000
29.713333,12548.500000
29.720000,12804.500000
29.726667,12804.500000
29.733333,12292.500000
29.740000,11780.500000
29.746667,10756.500000
29.753333,9476.500000
29.760000,7940.500000
29.766667,6148.500000
29.773333,4100.500000
29.780000,1796.500000
29.786667,4.500000
29.793333,-2043.500000
29.800000,-3580.500000
29.806667,-4860.500000
29.813333,-5372.500000
29.820000,-5116.500000
29.826667,-4604.500000
29.833333,-4092.500000
29.840000,-3836.500000
29.846667,-3836.500000
29.853333,-3836.500000
29.860000,-4092.500000
29.866667,-4092.500000
29.873333,-4092.500000
29.880000,-4092.500000
29.886667,-4092.500000
29.893333,-4348.500000
29.900000,-4348.500000
29.906667,-4092.500000
29.913333,-3324.500000
29.920000,-3068.500000
29.926667,-2812.500000
29.933333,-2556.500000
29.940000,-2044.500000
29.946667,-1532.500000
29.953333,-764.500000
29.960000,-252.500000
29.966667,3.500000
29.973333,260.500000
29.980000,260.500000
29.986667,516.500000
29.993333,772.500000
30.000000,1028.500000
30.006667,1028.500000
30.013333,1028.500000
30.020000,1284.500000
30.026667,1540.500000
30.033333,1540.500000
30.040000,1796.500000
30.046667,1540.500000
30.053333,1540.500000
30.060000,1540.500000
30.066667,1540.500000
30.073333,-251.500000
